<?xml version="1.0" encoding="UTF-8"?>
<gpx creator="Garmin Connect" version="1.1"
  xsi:schemaLocation="http://www.topografix.com/GPX/1/1 http://www.topografix.com/GPX/11.xsd"
  xmlns:ns3="http://www.garmin.com/xmlschemas/TrackPointExtension/v1"
  xmlns="http://www.topografix.com/GPX/1/1"
  xmlns:xsi="http://www.w3.org/2001/XMLSchema-instance" xmlns:ns2="http://www.garmin.com/xmlschemas/GpxExtensions/v3">
  <metadata>
    <name>IM OH Bike Course 2026</name>
    <link href="connect.garmin.com">
      <text>Garmin Connect</text>
    </link>
    <time>2026-06-17T02:25:33.000Z</time>
  </metadata>
  <trk>
    <name>IM OH Bike Course 2026</name>
    <trkseg>
      <trkpt lat="41.45618297159672" lon="-82.71739692427218">
        <ele>176.36</ele>
      </trkpt>
      <trkpt lat="41.456159921362996" lon="-82.71737798117101">
        <ele>176.41</ele>
      </trkpt>
      <trkpt lat="41.4560732524842" lon="-82.7177376486361">
        <ele>176.38</ele>
      </trkpt>
      <trkpt lat="41.455986918881536" lon="-82.71809597499669">
        <ele>176.42</ele>
      </trkpt>
      <trkpt lat="41.45589631050825" lon="-82.71840551868081">
        <ele>176.51</ele>
      </trkpt>
      <trkpt lat="41.45580595359206" lon="-82.71871397271752">
        <ele>176.62</ele>
      </trkpt>
      <trkpt lat="41.45577393472195" lon="-82.71881296299398">
        <ele>176.69</ele>
      </trkpt>
      <trkpt lat="41.4557399880141" lon="-82.71889192052186">
        <ele>176.73</ele>
      </trkpt>
      <trkpt lat="41.45569397136569" lon="-82.71894799545407">
        <ele>176.79</ele>
      </trkpt>
      <trkpt lat="41.45563496276736" lon="-82.71899493411183">
        <ele>176.85</ele>
      </trkpt>
      <trkpt lat="41.455573942512274" lon="-82.71901094354689">
        <ele>176.92</ele>
      </trkpt>
      <trkpt lat="41.45549599081278" lon="-82.71899895742536">
        <ele>177.03</ele>
      </trkpt>
      <trkpt lat="41.45528795197606" lon="-82.71891195327044">
        <ele>177.21</ele>
      </trkpt>
      <trkpt lat="41.45519373938441" lon="-82.71928218193352">
        <ele>177.33</ele>
      </trkpt>
      <trkpt lat="41.455099610611796" lon="-82.71965241059661">
        <ele>177.44</ele>
      </trkpt>
      <trkpt lat="41.45500539802015" lon="-82.72002255544066">
        <ele>177.53</ele>
      </trkpt>
      <trkpt lat="41.454911939799786" lon="-82.72038993425667">
        <ele>177.63</ele>
      </trkpt>
      <trkpt lat="41.454806830734015" lon="-82.72068221122026">
        <ele>177.71</ele>
      </trkpt>
      <trkpt lat="41.45470163784921" lon="-82.72097440436482">
        <ele>177.79</ele>
      </trkpt>
      <trkpt lat="41.45459644496441" lon="-82.72126659750938">
        <ele>177.86</ele>
      </trkpt>
      <trkpt lat="41.45449192263186" lon="-82.72155694663525">
        <ele>177.9</ele>
      </trkpt>
      <trkpt lat="41.454458981752396" lon="-82.72163598798215">
        <ele>177.94</ele>
      </trkpt>
      <trkpt lat="41.45440491847694" lon="-82.72172894328833">
        <ele>177.99</ele>
      </trkpt>
      <trkpt lat="41.45436694845557" lon="-82.72177395410836">
        <ele>178.04</ele>
      </trkpt>
      <trkpt lat="41.45431397482753" lon="-82.72181192412972">
        <ele>178.12</ele>
      </trkpt>
      <trkpt lat="41.45422596484423" lon="-82.72182893939316">
        <ele>178.2</ele>
      </trkpt>
      <trkpt lat="41.454137954860926" lon="-82.72180496715009">
        <ele>178.31</ele>
      </trkpt>
      <trkpt lat="41.45385623909533" lon="-82.72163908928633">
        <ele>178.51</ele>
      </trkpt>
      <trkpt lat="41.4535744395107" lon="-82.72147321142256">
        <ele>178.75</ele>
      </trkpt>
      <trkpt lat="41.453292639926076" lon="-82.72130741737783">
        <ele>178.99</ele>
      </trkpt>
      <trkpt lat="41.4530099183321" lon="-82.72114095278084">
        <ele>179.21</ele>
      </trkpt>
      <trkpt lat="41.45289408043027" lon="-82.72147446870804">
        <ele>179.4</ele>
      </trkpt>
      <trkpt lat="41.45277824252844" lon="-82.72180806845427">
        <ele>179.56</ele>
      </trkpt>
      <trkpt lat="41.45266299135983" lon="-82.72213999181986">
        <ele>179.65</ele>
      </trkpt>
      <trkpt lat="41.45235939882696" lon="-82.72212448529899">
        <ele>179.85</ele>
      </trkpt>
      <trkpt lat="41.452055890113115" lon="-82.72210897877812">
        <ele>179.99</ele>
      </trkpt>
      <trkpt lat="41.45175229758024" lon="-82.72209355607629">
        <ele>180.11</ele>
      </trkpt>
      <trkpt lat="41.4514469448477" lon="-82.72207796573639">
        <ele>180.21</ele>
      </trkpt>
      <trkpt lat="41.451199343428016" lon="-82.72206564433873">
        <ele>180.3</ele>
      </trkpt>
      <trkpt lat="41.4509516581893" lon="-82.72205332294106">
        <ele>180.37</ele>
      </trkpt>
      <trkpt lat="41.4507029671222" lon="-82.72204091772437">
        <ele>180.47</ele>
      </trkpt>
      <trkpt lat="41.450491324067116" lon="-82.72227033041418">
        <ele>180.52</ele>
      </trkpt>
      <trkpt lat="41.450279597193" lon="-82.72249965928495">
        <ele>180.55</ele>
      </trkpt>
      <trkpt lat="41.45006795413792" lon="-82.72272898815572">
        <ele>180.56</ele>
      </trkpt>
      <trkpt lat="41.44985622726381" lon="-82.7229583170265">
        <ele>180.57</ele>
      </trkpt>
      <trkpt lat="41.44964458420873" lon="-82.72318764589727">
        <ele>180.57</ele>
      </trkpt>
      <trkpt lat="41.449432941153646" lon="-82.72341697476804">
        <ele>180.56</ele>
      </trkpt>
      <trkpt lat="41.44920067861676" lon="-82.7236954215914">
        <ele>180.55</ele>
      </trkpt>
      <trkpt lat="41.44896841607988" lon="-82.72397386841476">
        <ele>180.53</ele>
      </trkpt>
      <trkpt lat="41.44873623736203" lon="-82.72425231523812">
        <ele>180.5</ele>
      </trkpt>
      <trkpt lat="41.448503974825144" lon="-82.72453084588051">
        <ele>180.46</ele>
      </trkpt>
      <trkpt lat="41.448271963745356" lon="-82.72480895742774">
        <ele>180.42</ele>
      </trkpt>
      <trkpt lat="41.448036432266235" lon="-82.72508346475661">
        <ele>180.38</ele>
      </trkpt>
      <trkpt lat="41.44780098460615" lon="-82.72535797208548">
        <ele>180.32</ele>
      </trkpt>
      <trkpt lat="41.44756461493671" lon="-82.72561965510249">
        <ele>180.26</ele>
      </trkpt>
      <trkpt lat="41.44732824526727" lon="-82.7258813381195">
        <ele>180.2</ele>
      </trkpt>
      <trkpt lat="41.447091959416866" lon="-82.72614293731749">
        <ele>180.13</ele>
      </trkpt>
      <trkpt lat="41.44688928499818" lon="-82.72637503221631">
        <ele>180.05</ele>
      </trkpt>
      <trkpt lat="41.44668661057949" lon="-82.7266070432961">
        <ele>179.97</ele>
      </trkpt>
      <trkpt lat="41.4464839361608" lon="-82.72683897055686">
        <ele>179.87</ele>
      </trkpt>
      <trkpt lat="41.446316884830594" lon="-82.72703996859491">
        <ele>179.78</ele>
      </trkpt>
      <trkpt lat="41.44614991731942" lon="-82.72724096663296">
        <ele>179.67</ele>
      </trkpt>
      <trkpt lat="41.44592712633312" lon="-82.72749569267035">
        <ele>179.56</ele>
      </trkpt>
      <trkpt lat="41.445704251527786" lon="-82.72775050252676">
        <ele>179.45</ele>
      </trkpt>
      <trkpt lat="41.44548146054149" lon="-82.72800522856414">
        <ele>179.32</ele>
      </trkpt>
      <trkpt lat="41.445258585736156" lon="-82.72826003842056">
        <ele>179.2</ele>
      </trkpt>
      <trkpt lat="41.445035710930824" lon="-82.72851476445794">
        <ele>179.07</ele>
      </trkpt>
      <trkpt lat="41.444812919944525" lon="-82.72876957431436">
        <ele>178.9</ele>
      </trkpt>
      <trkpt lat="41.44459004513919" lon="-82.72902430035174">
        <ele>178.74</ele>
      </trkpt>
      <trkpt lat="41.44436717033386" lon="-82.72927911020815">
        <ele>178.6</ele>
      </trkpt>
      <trkpt lat="41.44414437934756" lon="-82.72953383624554">
        <ele>178.46</ele>
      </trkpt>
      <trkpt lat="41.44392150454223" lon="-82.72978864610195">
        <ele>178.29</ele>
      </trkpt>
      <trkpt lat="41.44369896501303" lon="-82.73004295304418">
        <ele>178.15</ele>
      </trkpt>
      <trkpt lat="41.44349008798599" lon="-82.73028686642647">
        <ele>178.05</ele>
      </trkpt>
      <trkpt lat="41.44328121095896" lon="-82.73053069598973">
        <ele>177.96</ele>
      </trkpt>
      <trkpt lat="41.44307233393192" lon="-82.73077460937202">
        <ele>177.84</ele>
      </trkpt>
      <trkpt lat="41.44286345690489" lon="-82.73101843893528">
        <ele>177.76</ele>
      </trkpt>
      <trkpt lat="41.44265457987785" lon="-82.73126235231757">
        <ele>177.69</ele>
      </trkpt>
      <trkpt lat="41.442445954307914" lon="-82.73150593042374">
        <ele>177.65</ele>
      </trkpt>
      <trkpt lat="41.44228124991059" lon="-82.7316926792264">
        <ele>177.58</ele>
      </trkpt>
      <trkpt lat="41.44211654551327" lon="-82.73187934421003">
        <ele>177.54</ele>
      </trkpt>
      <trkpt lat="41.44195192493498" lon="-82.73206592537463">
        <ele>177.55</ele>
      </trkpt>
      <trkpt lat="41.441755620762706" lon="-82.73229165002704">
        <ele>177.57</ele>
      </trkpt>
      <trkpt lat="41.4415592327714" lon="-82.73251737467945">
        <ele>177.62</ele>
      </trkpt>
      <trkpt lat="41.44136292859912" lon="-82.73274293169379">
        <ele>177.68</ele>
      </trkpt>
      <trkpt lat="41.441156985238194" lon="-82.73297997191548">
        <ele>177.76</ele>
      </trkpt>
      <trkpt lat="41.441033938899636" lon="-82.73312849923968">
        <ele>177.86</ele>
      </trkpt>
      <trkpt lat="41.44091097638011" lon="-82.73327694274485">
        <ele>178.0</ele>
      </trkpt>
      <trkpt lat="41.44074157811701" lon="-82.73347903043032">
        <ele>178.19</ele>
      </trkpt>
      <trkpt lat="41.440572179853916" lon="-82.73368103429675">
        <ele>178.4</ele>
      </trkpt>
      <trkpt lat="41.44040294922888" lon="-82.73388295434415">
        <ele>178.58</ele>
      </trkpt>
      <trkpt lat="41.4401913061738" lon="-82.73409962654114">
        <ele>178.73</ele>
      </trkpt>
      <trkpt lat="41.43997966311872" lon="-82.73431629873812">
        <ele>178.89</ele>
      </trkpt>
      <trkpt lat="41.43976793624461" lon="-82.7345329709351">
        <ele>179.04</ele>
      </trkpt>
      <trkpt lat="41.439587473869324" lon="-82.73472843691707">
        <ele>179.18</ele>
      </trkpt>
      <trkpt lat="41.43940692767501" lon="-82.73492398671806">
        <ele>179.33</ele>
      </trkpt>
      <trkpt lat="41.439186902716756" lon="-82.73520553484559">
        <ele>179.47</ele>
      </trkpt>
      <trkpt lat="41.438966961577535" lon="-82.73548699915409">
        <ele>179.6</ele>
      </trkpt>
      <trkpt lat="41.43888699822128" lon="-82.73560099303722">
        <ele>179.72</ele>
      </trkpt>
      <trkpt lat="41.43878499045968" lon="-82.735795956105">
        <ele>179.84</ele>
      </trkpt>
      <trkpt lat="41.43867996521294" lon="-82.73603995330632">
        <ele>179.95</ele>
      </trkpt>
      <trkpt lat="41.438603941351175" lon="-82.73625595495105">
        <ele>180.06</ele>
      </trkpt>
      <trkpt lat="41.43852196633816" lon="-82.73654798045754">
        <ele>180.16</ele>
      </trkpt>
      <trkpt lat="41.438481900841" lon="-82.7367524150759">
        <ele>180.25</ele>
      </trkpt>
      <trkpt lat="41.43844191916287" lon="-82.7369559276849">
        <ele>180.34</ele>
      </trkpt>
      <trkpt lat="41.43842197023332" lon="-82.73724895901978">
        <ele>180.42</ele>
      </trkpt>
      <trkpt lat="41.43842197023332" lon="-82.73753796704113">
        <ele>180.5</ele>
      </trkpt>
      <trkpt lat="41.43844895996153" lon="-82.73782194592059">
        <ele>180.57</ele>
      </trkpt>
      <trkpt lat="41.438498832285404" lon="-82.73820357397199">
        <ele>180.64</ele>
      </trkpt>
      <trkpt lat="41.43854878842831" lon="-82.73858520202339">
        <ele>180.71</ele>
      </trkpt>
      <trkpt lat="41.43859866075218" lon="-82.73896683007479">
        <ele>180.81</ele>
      </trkpt>
      <trkpt lat="41.43864861689508" lon="-82.73934845812619">
        <ele>180.88</ele>
      </trkpt>
      <trkpt lat="41.43869798630476" lon="-82.73972597904503">
        <ele>180.93</ele>
      </trkpt>
      <trkpt lat="41.43874157220125" lon="-82.74007248692214">
        <ele>180.98</ele>
      </trkpt>
      <trkpt lat="41.438785158097744" lon="-82.74041899479926">
        <ele>181.02</ele>
      </trkpt>
      <trkpt lat="41.438828743994236" lon="-82.74076550267637">
        <ele>181.06</ele>
      </trkpt>
      <trkpt lat="41.4388719946146" lon="-82.74110899306834">
        <ele>181.09</ele>
      </trkpt>
      <trkpt lat="41.438916586339474" lon="-82.74148031137884">
        <ele>181.12</ele>
      </trkpt>
      <trkpt lat="41.43896092660725" lon="-82.7418499533087">
        <ele>181.15</ele>
      </trkpt>
      <trkpt lat="41.43898498266935" lon="-82.74210199713707">
        <ele>181.17</ele>
      </trkpt>
      <trkpt lat="41.439008954912424" lon="-82.74235295131803">
        <ele>181.18</ele>
      </trkpt>
      <trkpt lat="41.43903041258454" lon="-82.74272519163787">
        <ele>181.19</ele>
      </trkpt>
      <trkpt lat="41.43905187025666" lon="-82.74309743195772">
        <ele>181.2</ele>
      </trkpt>
      <trkpt lat="41.43907332792878" lon="-82.74346967227757">
        <ele>181.21</ele>
      </trkpt>
      <trkpt lat="41.4390947856009" lon="-82.74384191259742">
        <ele>181.22</ele>
      </trkpt>
      <trkpt lat="41.439115991815925" lon="-82.74420996196568">
        <ele>181.22</ele>
      </trkpt>
      <trkpt lat="41.439140969887376" lon="-82.74450399912894">
        <ele>181.22</ele>
      </trkpt>
      <trkpt lat="41.439181957393885" lon="-82.74468697607517">
        <ele>181.22</ele>
      </trkpt>
      <trkpt lat="41.439267955720425" lon="-82.74494396522641">
        <ele>181.22</ele>
      </trkpt>
      <trkpt lat="41.439372980967164" lon="-82.74517698213458">
        <ele>181.21</ele>
      </trkpt>
      <trkpt lat="41.4395229332149" lon="-82.74540999904275">
        <ele>181.21</ele>
      </trkpt>
      <trkpt lat="41.43957791849971" lon="-82.74546892382205">
        <ele>181.2</ele>
      </trkpt>
      <trkpt lat="41.43970599398017" lon="-82.74560496211052">
        <ele>181.19</ele>
      </trkpt>
      <trkpt lat="41.439827950671315" lon="-82.74571895599365">
        <ele>181.18</ele>
      </trkpt>
      <trkpt lat="41.44003783352673" lon="-82.74587133899331">
        <ele>181.17</ele>
      </trkpt>
      <trkpt lat="41.440247716382146" lon="-82.746023805812">
        <ele>181.16</ele>
      </trkpt>
      <trkpt lat="41.44045759923756" lon="-82.74617618881166">
        <ele>181.15</ele>
      </trkpt>
      <trkpt lat="41.44066798500717" lon="-82.74632899090648">
        <ele>181.14</ele>
      </trkpt>
      <trkpt lat="41.44079999998212" lon="-82.7464379556477">
        <ele>181.12</ele>
      </trkpt>
      <trkpt lat="41.440922962501645" lon="-82.74658899754286">
        <ele>181.11</ele>
      </trkpt>
      <trkpt lat="41.441008960828185" lon="-82.74672092869878">
        <ele>181.09</ele>
      </trkpt>
      <trkpt lat="41.44108397886157" lon="-82.74688093923032">
        <ele>181.07</ele>
      </trkpt>
      <trkpt lat="41.4411739166826" lon="-82.74712493643165">
        <ele>181.04</ele>
      </trkpt>
      <trkpt lat="41.441241977736354" lon="-82.74742391891778">
        <ele>181.02</ele>
      </trkpt>
      <trkpt lat="41.44127952866256" lon="-82.74780990555882">
        <ele>180.99</ele>
      </trkpt>
      <trkpt lat="41.4413171634078" lon="-82.74819589219987">
        <ele>180.96</ele>
      </trkpt>
      <trkpt lat="41.44135471433401" lon="-82.74858196265996">
        <ele>180.93</ele>
      </trkpt>
      <trkpt lat="41.44139234907925" lon="-82.748967949301">
        <ele>180.9</ele>
      </trkpt>
      <trkpt lat="41.44142990000546" lon="-82.74935393594205">
        <ele>180.86</ele>
      </trkpt>
      <trkpt lat="41.44146745093167" lon="-82.7497399225831">
        <ele>180.82</ele>
      </trkpt>
      <trkpt lat="41.44150508567691" lon="-82.75012590922415">
        <ele>180.78</ele>
      </trkpt>
      <trkpt lat="41.44154196605086" lon="-82.75050493888557">
        <ele>180.73</ele>
      </trkpt>
      <trkpt lat="41.44157649949193" lon="-82.75090685114264">
        <ele>180.69</ele>
      </trkpt>
      <trkpt lat="41.44161111675203" lon="-82.75130876339972">
        <ele>180.64</ele>
      </trkpt>
      <trkpt lat="41.44164573401213" lon="-82.7517106756568">
        <ele>180.59</ele>
      </trkpt>
      <trkpt lat="41.44167993217707" lon="-82.7521089836955">
        <ele>180.54</ele>
      </trkpt>
      <trkpt lat="41.44171773456037" lon="-82.75251567363739">
        <ele>180.46</ele>
      </trkpt>
      <trkpt lat="41.441755536943674" lon="-82.75292236357927">
        <ele>180.39</ele>
      </trkpt>
      <trkpt lat="41.44179333932698" lon="-82.75332913734019">
        <ele>180.34</ele>
      </trkpt>
      <trkpt lat="41.44183114171028" lon="-82.75373582728207">
        <ele>180.3</ele>
      </trkpt>
      <trkpt lat="41.441868944093585" lon="-82.75414251722395">
        <ele>180.26</ele>
      </trkpt>
      <trkpt lat="41.44190674647689" lon="-82.75454929098487">
        <ele>180.22</ele>
      </trkpt>
      <trkpt lat="41.44194454886019" lon="-82.75495598092675">
        <ele>180.19</ele>
      </trkpt>
      <trkpt lat="41.441982351243496" lon="-82.75536267086864">
        <ele>180.16</ele>
      </trkpt>
      <trkpt lat="41.44202006980777" lon="-82.75576936081052">
        <ele>180.1</ele>
      </trkpt>
      <trkpt lat="41.44205787219107" lon="-82.75617613457143">
        <ele>180.08</ele>
      </trkpt>
      <trkpt lat="41.442095674574375" lon="-82.75658282451332">
        <ele>180.05</ele>
      </trkpt>
      <trkpt lat="41.44213347695768" lon="-82.7569895144552">
        <ele>180.07</ele>
      </trkpt>
      <trkpt lat="41.44217127934098" lon="-82.75739628821611">
        <ele>180.09</ele>
      </trkpt>
      <trkpt lat="41.442209081724286" lon="-82.757802978158">
        <ele>180.08</ele>
      </trkpt>
      <trkpt lat="41.44224688410759" lon="-82.75820966809988">
        <ele>180.07</ele>
      </trkpt>
      <trkpt lat="41.44228468649089" lon="-82.7586164418608">
        <ele>180.08</ele>
      </trkpt>
      <trkpt lat="41.4423224888742" lon="-82.75902313180268">
        <ele>180.07</ele>
      </trkpt>
      <trkpt lat="41.4423602912575" lon="-82.7594299055636">
        <ele>180.06</ele>
      </trkpt>
      <trkpt lat="41.44239800982177" lon="-82.75983659550548">
        <ele>180.05</ele>
      </trkpt>
      <trkpt lat="41.442435812205076" lon="-82.76024328544736">
        <ele>180.04</ele>
      </trkpt>
      <trkpt lat="41.44247361458838" lon="-82.76065005920827">
        <ele>180.02</ele>
      </trkpt>
      <trkpt lat="41.44251141697168" lon="-82.76105674915016">
        <ele>179.99</ele>
      </trkpt>
      <trkpt lat="41.44254921935499" lon="-82.76146343909204">
        <ele>179.97</ele>
      </trkpt>
      <trkpt lat="41.44258702173829" lon="-82.76187021285295">
        <ele>179.93</ele>
      </trkpt>
      <trkpt lat="41.442624824121594" lon="-82.76227690279484">
        <ele>179.88</ele>
      </trkpt>
      <trkpt lat="41.4426626265049" lon="-82.76268359273672">
        <ele>179.82</ele>
      </trkpt>
      <trkpt lat="41.4427004288882" lon="-82.76309036649764">
        <ele>179.76</ele>
      </trkpt>
      <trkpt lat="41.442738231271505" lon="-82.76349705643952">
        <ele>179.68</ele>
      </trkpt>
      <trkpt lat="41.44277594983578" lon="-82.76390383020043">
        <ele>179.59</ele>
      </trkpt>
      <trkpt lat="41.44281375221908" lon="-82.76431052014232">
        <ele>179.45</ele>
      </trkpt>
      <trkpt lat="41.442851554602385" lon="-82.7647172100842">
        <ele>179.37</ele>
      </trkpt>
      <trkpt lat="41.44288592040539" lon="-82.76509498246014">
        <ele>179.23</ele>
      </trkpt>
      <trkpt lat="41.44293093122542" lon="-82.76543998159468">
        <ele>179.11</ele>
      </trkpt>
      <trkpt lat="41.443026987835765" lon="-82.76579696685076">
        <ele>178.98</ele>
      </trkpt>
      <trkpt lat="41.44310091622174" lon="-82.76600894518197">
        <ele>178.84</ele>
      </trkpt>
      <trkpt lat="41.443178951740265" lon="-82.76618496514857">
        <ele>178.7</ele>
      </trkpt>
      <trkpt lat="41.443327059969306" lon="-82.76642778888345">
        <ele>178.55</ele>
      </trkpt>
      <trkpt lat="41.44347516819835" lon="-82.76667069643736">
        <ele>178.4</ele>
      </trkpt>
      <trkpt lat="41.44362294115126" lon="-82.76691293343902">
        <ele>178.24</ele>
      </trkpt>
      <trkpt lat="41.443792255595326" lon="-82.76718216016889">
        <ele>178.08</ele>
      </trkpt>
      <trkpt lat="41.44396165385842" lon="-82.76745138689876">
        <ele>177.92</ele>
      </trkpt>
      <trkpt lat="41.44413096830249" lon="-82.7677205298096">
        <ele>177.74</ele>
      </trkpt>
      <trkpt lat="41.44430028274655" lon="-82.76798975653946">
        <ele>177.54</ele>
      </trkpt>
      <trkpt lat="41.444468926638365" lon="-82.76825797744095">
        <ele>177.38</ele>
      </trkpt>
      <trkpt lat="41.444636061787605" lon="-82.76852192357183">
        <ele>177.23</ele>
      </trkpt>
      <trkpt lat="41.444803196936846" lon="-82.7687858697027">
        <ele>177.07</ele>
      </trkpt>
      <trkpt lat="41.444970332086086" lon="-82.76904981583357">
        <ele>176.91</ele>
      </trkpt>
      <trkpt lat="41.44513696432114" lon="-82.76931292377412">
        <ele>176.76</ele>
      </trkpt>
      <trkpt lat="41.44534491933882" lon="-82.76961391791701">
        <ele>176.58</ele>
      </trkpt>
      <trkpt lat="41.44550492987037" lon="-82.76987493038177">
        <ele>176.5</ele>
      </trkpt>
      <trkpt lat="41.4456379506737" lon="-82.77006695978343">
        <ele>176.48</ele>
      </trkpt>
      <trkpt lat="41.44576460123062" lon="-82.77027608826756">
        <ele>176.45</ele>
      </trkpt>
      <trkpt lat="41.445890916511416" lon="-82.7704849652946">
        <ele>176.46</ele>
      </trkpt>
      <trkpt lat="41.44583794288337" lon="-82.77052796445787">
        <ele>176.46</ele>
      </trkpt>
      <trkpt lat="41.445623617619276" lon="-82.77074270881712">
        <ele>176.48</ele>
      </trkpt>
      <trkpt lat="41.44540920853615" lon="-82.77095753699541">
        <ele>176.54</ele>
      </trkpt>
      <trkpt lat="41.44519479945302" lon="-82.77117228135467">
        <ele>176.6</ele>
      </trkpt>
      <trkpt lat="41.444980474188924" lon="-82.77138710953295">
        <ele>176.68</ele>
      </trkpt>
      <trkpt lat="41.444765981286764" lon="-82.77160193771124">
        <ele>176.8</ele>
      </trkpt>
      <trkpt lat="41.444529946893454" lon="-82.77185113169253">
        <ele>176.92</ele>
      </trkpt>
      <trkpt lat="41.444293996319175" lon="-82.77210032567382">
        <ele>177.03</ele>
      </trkpt>
      <trkpt lat="41.444057961925864" lon="-82.77234951965511">
        <ele>177.16</ele>
      </trkpt>
      <trkpt lat="41.443822011351585" lon="-82.77259879745543">
        <ele>177.29</ele>
      </trkpt>
      <trkpt lat="41.443585976958275" lon="-82.77284799143672">
        <ele>177.43</ele>
      </trkpt>
      <trkpt lat="41.44353493116796" lon="-82.77279099449515">
        <ele>177.59</ele>
      </trkpt>
      <trkpt lat="41.44346896559" lon="-82.77276392094791">
        <ele>177.74</ele>
      </trkpt>
      <trkpt lat="41.44315640442073" lon="-82.77275176718831">
        <ele>177.91</ele>
      </trkpt>
      <trkpt lat="41.44284384325147" lon="-82.77273952960968">
        <ele>178.08</ele>
      </trkpt>
      <trkpt lat="41.44253136590123" lon="-82.77272737585008">
        <ele>178.25</ele>
      </trkpt>
      <trkpt lat="41.442218804731965" lon="-82.77271513827145">
        <ele>178.47</ele>
      </trkpt>
      <trkpt lat="41.4419062435627" lon="-82.77270290069282">
        <ele>178.67</ele>
      </trkpt>
      <trkpt lat="41.44159368239343" lon="-82.77269074693322">
        <ele>178.85</ele>
      </trkpt>
      <trkpt lat="41.4412812050432" lon="-82.77267850935459">
        <ele>179.08</ele>
      </trkpt>
      <trkpt lat="41.44096864387393" lon="-82.77266635559499">
        <ele>179.26</ele>
      </trkpt>
      <trkpt lat="41.44065197557211" lon="-82.7726539503783">
        <ele>179.43</ele>
      </trkpt>
      <trkpt lat="41.44033815711737" lon="-82.77264355681837">
        <ele>179.6</ele>
      </trkpt>
      <trkpt lat="41.440024338662624" lon="-82.77263316325843">
        <ele>179.77</ele>
      </trkpt>
      <trkpt lat="41.43971052020788" lon="-82.7726227696985">
        <ele>179.93</ele>
      </trkpt>
      <trkpt lat="41.43939670175314" lon="-82.77261237613857">
        <ele>180.09</ele>
      </trkpt>
      <trkpt lat="41.43908296711743" lon="-82.77260206639767">
        <ele>180.3</ele>
      </trkpt>
      <trkpt lat="41.438769148662686" lon="-82.77259167283773">
        <ele>180.45</ele>
      </trkpt>
      <trkpt lat="41.438455330207944" lon="-82.7725812792778">
        <ele>180.59</ele>
      </trkpt>
      <trkpt lat="41.4381415117532" lon="-82.77257088571787">
        <ele>180.73</ele>
      </trkpt>
      <trkpt lat="41.43782769329846" lon="-82.77256049215794">
        <ele>180.87</ele>
      </trkpt>
      <trkpt lat="41.43751395866275" lon="-82.772550098598">
        <ele>181.0</ele>
      </trkpt>
      <trkpt lat="41.437200140208006" lon="-82.77253970503807">
        <ele>181.13</ele>
      </trkpt>
      <trkpt lat="41.43688632175326" lon="-82.77252931147814">
        <ele>181.25</ele>
      </trkpt>
      <trkpt lat="41.43657250329852" lon="-82.7725189179182">
        <ele>181.38</ele>
      </trkpt>
      <trkpt lat="41.43625868484378" lon="-82.7725086081773">
        <ele>181.5</ele>
      </trkpt>
      <trkpt lat="41.435937993228436" lon="-82.77249796316028">
        <ele>181.63</ele>
      </trkpt>
      <trkpt lat="41.43562409095466" lon="-82.77248530648649">
        <ele>181.75</ele>
      </trkpt>
      <trkpt lat="41.43531018868089" lon="-82.7724726498127">
        <ele>181.88</ele>
      </trkpt>
      <trkpt lat="41.434996370226145" lon="-82.77245999313891">
        <ele>182.01</ele>
      </trkpt>
      <trkpt lat="41.43468246795237" lon="-82.77244733646512">
        <ele>182.19</ele>
      </trkpt>
      <trkpt lat="41.4343685656786" lon="-82.77243467979133">
        <ele>182.32</ele>
      </trkpt>
      <trkpt lat="41.434054747223854" lon="-82.77242210693657">
        <ele>182.45</ele>
      </trkpt>
      <trkpt lat="41.43374084495008" lon="-82.77240945026278">
        <ele>182.57</ele>
      </trkpt>
      <trkpt lat="41.43342702649534" lon="-82.772396793589">
        <ele>182.7</ele>
      </trkpt>
      <trkpt lat="41.43310893326998" lon="-82.77238396927714">
        <ele>182.86</ele>
      </trkpt>
      <trkpt lat="41.43279771320522" lon="-82.77237324044108">
        <ele>183.0</ele>
      </trkpt>
      <trkpt lat="41.43248640932143" lon="-82.77236251160502">
        <ele>183.12</ele>
      </trkpt>
      <trkpt lat="41.43217518925667" lon="-82.77235178276896">
        <ele>183.23</ele>
      </trkpt>
      <trkpt lat="41.43186388537288" lon="-82.77234113775194">
        <ele>183.34</ele>
      </trkpt>
      <trkpt lat="41.431552581489086" lon="-82.77233040891588">
        <ele>183.44</ele>
      </trkpt>
      <trkpt lat="41.43124136142433" lon="-82.77231968007982">
        <ele>183.53</ele>
      </trkpt>
      <trkpt lat="41.430930057540536" lon="-82.77230895124376">
        <ele>183.62</ele>
      </trkpt>
      <trkpt lat="41.43061883747578" lon="-82.7722982224077">
        <ele>183.72</ele>
      </trkpt>
      <trkpt lat="41.430307533591986" lon="-82.77228757739067">
        <ele>183.81</ele>
      </trkpt>
      <trkpt lat="41.42999631352723" lon="-82.77227684855461">
        <ele>183.89</ele>
      </trkpt>
      <trkpt lat="41.42967998050153" lon="-82.77226595208049">
        <ele>183.97</ele>
      </trkpt>
      <trkpt lat="41.42936624586582" lon="-82.77225379832089">
        <ele>184.01</ele>
      </trkpt>
      <trkpt lat="41.42905259504914" lon="-82.77224172838032">
        <ele>184.03</ele>
      </trkpt>
      <trkpt lat="41.428738944232464" lon="-82.77222957462072">
        <ele>184.04</ele>
      </trkpt>
      <trkpt lat="41.42842520959675" lon="-82.77221742086112">
        <ele>184.04</ele>
      </trkpt>
      <trkpt lat="41.428111558780074" lon="-82.77220535092056">
        <ele>184.04</ele>
      </trkpt>
      <trkpt lat="41.427797907963395" lon="-82.77219319716096">
        <ele>184.02</ele>
      </trkpt>
      <trkpt lat="41.42748098820448" lon="-82.77218095958233">
        <ele>184.0</ele>
      </trkpt>
      <trkpt lat="41.42748643644154" lon="-82.77259745635092">
        <ele>183.97</ele>
      </trkpt>
      <trkpt lat="41.427491968497634" lon="-82.77301386930048">
        <ele>183.93</ele>
      </trkpt>
      <trkpt lat="41.42749750055373" lon="-82.77343036606908">
        <ele>183.88</ele>
      </trkpt>
      <trkpt lat="41.42750294879079" lon="-82.77384292334318">
        <ele>183.83</ele>
      </trkpt>
      <trkpt lat="41.427501272410154" lon="-82.77424802072346">
        <ele>183.78</ele>
      </trkpt>
      <trkpt lat="41.42749959602952" lon="-82.77465311810374">
        <ele>183.72</ele>
      </trkpt>
      <trkpt lat="41.427497919648886" lon="-82.77505821548402">
        <ele>183.62</ele>
      </trkpt>
      <trkpt lat="41.42749632708728" lon="-82.77546339668334">
        <ele>183.53</ele>
      </trkpt>
      <trkpt lat="41.42749465070665" lon="-82.77586849406362">
        <ele>183.47</ele>
      </trkpt>
      <trkpt lat="41.427492974326015" lon="-82.77626797556877">
        <ele>183.41</ele>
      </trkpt>
      <trkpt lat="41.42737680114806" lon="-82.77653636410832">
        <ele>183.35</ele>
      </trkpt>
      <trkpt lat="41.427260963246226" lon="-82.77680399827659">
        <ele>183.3</ele>
      </trkpt>
      <trkpt lat="41.42721293494105" lon="-82.77718093246222">
        <ele>183.25</ele>
      </trkpt>
      <trkpt lat="41.42723003402352" lon="-82.77739743702114">
        <ele>183.21</ele>
      </trkpt>
      <trkpt lat="41.42724696546793" lon="-82.77761293575168">
        <ele>183.18</ele>
      </trkpt>
      <trkpt lat="41.42722140066326" lon="-82.77791962958872">
        <ele>183.15</ele>
      </trkpt>
      <trkpt lat="41.427195919677615" lon="-82.77822498232126">
        <ele>183.12</ele>
      </trkpt>
      <trkpt lat="41.42712299712002" lon="-82.77849295176566">
        <ele>183.11</ele>
      </trkpt>
      <trkpt lat="41.4270481467247" lon="-82.77876913547516">
        <ele>183.1</ele>
      </trkpt>
      <trkpt lat="41.42697338014841" lon="-82.77904531918466">
        <ele>183.1</ele>
      </trkpt>
      <trkpt lat="41.42689894884825" lon="-82.77931999415159">
        <ele>183.11</ele>
      </trkpt>
      <trkpt lat="41.426781518384814" lon="-82.77969893999398">
        <ele>183.12</ele>
      </trkpt>
      <trkpt lat="41.42666400410235" lon="-82.7800779696554">
        <ele>183.14</ele>
      </trkpt>
      <trkpt lat="41.426546489819884" lon="-82.78045699931681">
        <ele>183.16</ele>
      </trkpt>
      <trkpt lat="41.42642905935645" lon="-82.78083602897823">
        <ele>183.19</ele>
      </trkpt>
      <trkpt lat="41.426311545073986" lon="-82.78121505863965">
        <ele>183.23</ele>
      </trkpt>
      <trkpt lat="41.42619411461055" lon="-82.78159400448203">
        <ele>183.27</ele>
      </trkpt>
      <trkpt lat="41.42607660032809" lon="-82.78197303414345">
        <ele>183.34</ele>
      </trkpt>
      <trkpt lat="41.42595908604562" lon="-82.78235206380486">
        <ele>183.41</ele>
      </trkpt>
      <trkpt lat="41.42584165558219" lon="-82.78273109346628">
        <ele>183.45</ele>
      </trkpt>
      <trkpt lat="41.425724141299725" lon="-82.7831101231277">
        <ele>183.5</ele>
      </trkpt>
      <trkpt lat="41.42560671083629" lon="-82.78348906897008">
        <ele>183.54</ele>
      </trkpt>
      <trkpt lat="41.425489196553826" lon="-82.7838680986315">
        <ele>183.58</ele>
      </trkpt>
      <trkpt lat="41.42537168227136" lon="-82.78424712829292">
        <ele>183.62</ele>
      </trkpt>
      <trkpt lat="41.42525425180793" lon="-82.78462615795434">
        <ele>183.65</ele>
      </trkpt>
      <trkpt lat="41.42513673752546" lon="-82.78500510379672">
        <ele>183.69</ele>
      </trkpt>
      <trkpt lat="41.42501930706203" lon="-82.78538413345814">
        <ele>183.72</ele>
      </trkpt>
      <trkpt lat="41.424901792779565" lon="-82.78576316311955">
        <ele>183.74</ele>
      </trkpt>
      <trkpt lat="41.4247842784971" lon="-82.78614210896194">
        <ele>183.77</ele>
      </trkpt>
      <trkpt lat="41.42466684803367" lon="-82.78652113862336">
        <ele>183.79</ele>
      </trkpt>
      <trkpt lat="41.4245493337512" lon="-82.78690016828477">
        <ele>183.81</ele>
      </trkpt>
      <trkpt lat="41.42443190328777" lon="-82.78727919794619">
        <ele>183.83</ele>
      </trkpt>
      <trkpt lat="41.4243143890053" lon="-82.78765814378858">
        <ele>183.84</ele>
      </trkpt>
      <trkpt lat="41.42419687472284" lon="-82.78803717345">
        <ele>183.86</ele>
      </trkpt>
      <trkpt lat="41.424079444259405" lon="-82.78841620311141">
        <ele>183.87</ele>
      </trkpt>
      <trkpt lat="41.42396192997694" lon="-82.7887951489538">
        <ele>183.89</ele>
      </trkpt>
      <trkpt lat="41.42384449951351" lon="-82.78917417861521">
        <ele>183.9</ele>
      </trkpt>
      <trkpt lat="41.42372698523104" lon="-82.7895531244576">
        <ele>183.92</ele>
      </trkpt>
      <trkpt lat="41.42360947094858" lon="-82.78993215411901">
        <ele>183.94</ele>
      </trkpt>
      <trkpt lat="41.423492040485144" lon="-82.79031118378043">
        <ele>183.96</ele>
      </trkpt>
      <trkpt lat="41.42337452620268" lon="-82.79069012962282">
        <ele>183.98</ele>
      </trkpt>
      <trkpt lat="41.423262963071465" lon="-82.79104795306921">
        <ele>184.0</ele>
      </trkpt>
      <trkpt lat="41.423161793500185" lon="-82.79137602075934">
        <ele>184.03</ele>
      </trkpt>
      <trkpt lat="41.42306095920503" lon="-82.79170299880207">
        <ele>184.07</ele>
      </trkpt>
      <trkpt lat="41.422942355275154" lon="-82.79208018444479">
        <ele>184.1</ele>
      </trkpt>
      <trkpt lat="41.42282375134528" lon="-82.7924573700875">
        <ele>184.15</ele>
      </trkpt>
      <trkpt lat="41.4227051474154" lon="-82.79283455573022">
        <ele>184.2</ele>
      </trkpt>
      <trkpt lat="41.42258654348552" lon="-82.79321174137294">
        <ele>184.25</ele>
      </trkpt>
      <trkpt lat="41.42246802337468" lon="-82.79358892701566">
        <ele>184.31</ele>
      </trkpt>
      <trkpt lat="41.4223494194448" lon="-82.79396611265838">
        <ele>184.4</ele>
      </trkpt>
      <trkpt lat="41.42223081551492" lon="-82.79434338212013">
        <ele>184.49</ele>
      </trkpt>
      <trkpt lat="41.422112211585045" lon="-82.79472056776285">
        <ele>184.53</ele>
      </trkpt>
      <trkpt lat="41.42199360765517" lon="-82.79509775340557">
        <ele>184.64</ele>
      </trkpt>
      <trkpt lat="41.42187500372529" lon="-82.79547493904829">
        <ele>184.69</ele>
      </trkpt>
      <trkpt lat="41.42175639979541" lon="-82.79585212469101">
        <ele>184.8</ele>
      </trkpt>
      <trkpt lat="41.421637795865536" lon="-82.79622931033373">
        <ele>184.91</ele>
      </trkpt>
      <trkpt lat="41.42151927575469" lon="-82.79660649597645">
        <ele>185.0</ele>
      </trkpt>
      <trkpt lat="41.42140067182481" lon="-82.79698368161917">
        <ele>185.09</ele>
      </trkpt>
      <trkpt lat="41.421282067894936" lon="-82.79736086726189">
        <ele>185.24</ele>
      </trkpt>
      <trkpt lat="41.42116346396506" lon="-82.7977380529046">
        <ele>185.33</ele>
      </trkpt>
      <trkpt lat="41.42104486003518" lon="-82.79811523854733">
        <ele>185.42</ele>
      </trkpt>
      <trkpt lat="41.420926256105304" lon="-82.79849242419004">
        <ele>185.51</ele>
      </trkpt>
      <trkpt lat="41.42080765217543" lon="-82.79886960983276">
        <ele>185.59</ele>
      </trkpt>
      <trkpt lat="41.42068904824555" lon="-82.79924679547548">
        <ele>185.67</ele>
      </trkpt>
      <trkpt lat="41.420570528134704" lon="-82.7996239811182">
        <ele>185.75</ele>
      </trkpt>
      <trkpt lat="41.420451924204826" lon="-82.80000116676092">
        <ele>185.83</ele>
      </trkpt>
      <trkpt lat="41.42033332027495" lon="-82.80037835240364">
        <ele>185.9</ele>
      </trkpt>
      <trkpt lat="41.42021471634507" lon="-82.80075553804636">
        <ele>185.97</ele>
      </trkpt>
      <trkpt lat="41.420100973919034" lon="-82.80111595988274">
        <ele>186.04</ele>
      </trkpt>
      <trkpt lat="41.41998304054141" lon="-82.80149918049574">
        <ele>186.11</ele>
      </trkpt>
      <trkpt lat="41.41986510716379" lon="-82.80188248492777">
        <ele>186.18</ele>
      </trkpt>
      <trkpt lat="41.41974717378616" lon="-82.80226570554078">
        <ele>186.25</ele>
      </trkpt>
      <trkpt lat="41.41962932422757" lon="-82.80264892615378">
        <ele>186.31</ele>
      </trkpt>
      <trkpt lat="41.41951139084995" lon="-82.80303223058581">
        <ele>186.38</ele>
      </trkpt>
      <trkpt lat="41.419393457472324" lon="-82.80341545119882">
        <ele>186.44</ele>
      </trkpt>
      <trkpt lat="41.41927694901824" lon="-82.80379397794604">
        <ele>186.51</ele>
      </trkpt>
      <trkpt lat="41.41916647553444" lon="-82.80414241366088">
        <ele>186.57</ele>
      </trkpt>
      <trkpt lat="41.41905591823161" lon="-82.80449084937572">
        <ele>186.64</ele>
      </trkpt>
      <trkpt lat="41.418945360928774" lon="-82.80483928509057">
        <ele>186.7</ele>
      </trkpt>
      <trkpt lat="41.41883488744497" lon="-82.8051877208054">
        <ele>186.77</ele>
      </trkpt>
      <trkpt lat="41.41872433014214" lon="-82.80553615652025">
        <ele>186.88</ele>
      </trkpt>
      <trkpt lat="41.41861494630575" lon="-82.80588098801672">
        <ele>186.94</ele>
      </trkpt>
      <trkpt lat="41.41858736984432" lon="-82.80614401213825">
        <ele>187.0</ele>
      </trkpt>
      <trkpt lat="41.41855996102095" lon="-82.80640594661236">
        <ele>187.05</ele>
      </trkpt>
      <trkpt lat="41.41858401708305" lon="-82.80663594603539">
        <ele>187.1</ele>
      </trkpt>
      <trkpt lat="41.41860798932612" lon="-82.80686493963003">
        <ele>187.14</ele>
      </trkpt>
      <trkpt lat="41.418772945180535" lon="-82.80704892240465">
        <ele>187.18</ele>
      </trkpt>
      <trkpt lat="41.418599942699075" lon="-82.80738897621632">
        <ele>187.21</ele>
      </trkpt>
      <trkpt lat="41.41841730102897" lon="-82.80768871307373">
        <ele>187.23</ele>
      </trkpt>
      <trkpt lat="41.418234994634986" lon="-82.80798794701695">
        <ele>187.25</ele>
      </trkpt>
      <trkpt lat="41.418068781495094" lon="-82.80829698778689">
        <ele>187.26</ele>
      </trkpt>
      <trkpt lat="41.417902652174234" lon="-82.80860594473779">
        <ele>187.27</ele>
      </trkpt>
      <trkpt lat="41.41773643903434" lon="-82.8089149016887">
        <ele>187.27</ele>
      </trkpt>
      <trkpt lat="41.41757030971348" lon="-82.80922394245863">
        <ele>187.29</ele>
      </trkpt>
      <trkpt lat="41.41740409657359" lon="-82.80953289940953">
        <ele>187.3</ele>
      </trkpt>
      <trkpt lat="41.41723897308111" lon="-82.8098399285227">
        <ele>187.27</ele>
      </trkpt>
      <trkpt lat="41.41710779629648" lon="-82.81007319688797">
        <ele>187.24</ele>
      </trkpt>
      <trkpt lat="41.41697695478797" lon="-82.81030596233904">
        <ele>187.2</ele>
      </trkpt>
      <trkpt lat="41.41690285876393" lon="-82.81053336337209">
        <ele>187.15</ele>
      </trkpt>
      <trkpt lat="41.41682893037796" lon="-82.81075992621481">
        <ele>187.09</ele>
      </trkpt>
      <trkpt lat="41.416835552081466" lon="-82.81115655787289">
        <ele>187.03</ele>
      </trkpt>
      <trkpt lat="41.41684217378497" lon="-82.81155318953097">
        <ele>186.92</ele>
      </trkpt>
      <trkpt lat="41.416848711669445" lon="-82.81194982118905">
        <ele>186.85</ele>
      </trkpt>
      <trkpt lat="41.41685533337295" lon="-82.81234645284712">
        <ele>186.79</ele>
      </trkpt>
      <trkpt lat="41.416861955076456" lon="-82.8127430845052">
        <ele>186.73</ele>
      </trkpt>
      <trkpt lat="41.41686849296093" lon="-82.81313971616328">
        <ele>186.65</ele>
      </trkpt>
      <trkpt lat="41.416875114664435" lon="-82.81353634782135">
        <ele>186.57</ele>
      </trkpt>
      <trkpt lat="41.41688173636794" lon="-82.81393297947943">
        <ele>186.54</ele>
      </trkpt>
      <trkpt lat="41.416888358071446" lon="-82.81432961113751">
        <ele>186.51</ele>
      </trkpt>
      <trkpt lat="41.41689489595592" lon="-82.81472624279559">
        <ele>186.49</ele>
      </trkpt>
      <trkpt lat="41.416901517659426" lon="-82.81512287445366">
        <ele>186.49</ele>
      </trkpt>
      <trkpt lat="41.41690813936293" lon="-82.81551950611174">
        <ele>186.49</ele>
      </trkpt>
      <trkpt lat="41.416914677247405" lon="-82.81591605395079">
        <ele>186.52</ele>
      </trkpt>
      <trkpt lat="41.416920963674784" lon="-82.81629994511604">
        <ele>186.61</ele>
      </trkpt>
      <trkpt lat="41.41662533394992" lon="-82.81617530621588">
        <ele>186.66</ele>
      </trkpt>
      <trkpt lat="41.41632962040603" lon="-82.81605066731572">
        <ele>186.72</ele>
      </trkpt>
      <trkpt lat="41.41603399068117" lon="-82.81592602841556">
        <ele>186.76</ele>
      </trkpt>
      <trkpt lat="41.41573827713728" lon="-82.8158013895154">
        <ele>186.86</ele>
      </trkpt>
      <trkpt lat="41.41544264741242" lon="-82.81567683443427">
        <ele>186.94</ele>
      </trkpt>
      <trkpt lat="41.41514693386853" lon="-82.81555219553411">
        <ele>187.08</ele>
      </trkpt>
      <trkpt lat="41.41485130414367" lon="-82.81542755663395">
        <ele>187.22</ele>
      </trkpt>
      <trkpt lat="41.41455567441881" lon="-82.81530291773379">
        <ele>187.37</ele>
      </trkpt>
      <trkpt lat="41.414259960874915" lon="-82.81517827883363">
        <ele>187.47</ele>
      </trkpt>
      <trkpt lat="41.413964331150055" lon="-82.81505363993347">
        <ele>187.64</ele>
      </trkpt>
      <trkpt lat="41.41366861760616" lon="-82.8149290010333">
        <ele>187.8</ele>
      </trkpt>
      <trkpt lat="41.4133729878813" lon="-82.81480436213315">
        <ele>187.95</ele>
      </trkpt>
      <trkpt lat="41.41307735815644" lon="-82.81467980705202">
        <ele>188.13</ele>
      </trkpt>
      <trkpt lat="41.41278164461255" lon="-82.81455516815186">
        <ele>188.28</ele>
      </trkpt>
      <trkpt lat="41.41248601488769" lon="-82.8144305292517">
        <ele>188.41</ele>
      </trkpt>
      <trkpt lat="41.4121903013438" lon="-82.81430589035153">
        <ele>188.53</ele>
      </trkpt>
      <trkpt lat="41.41188897192478" lon="-82.81417898833752">
        <ele>188.65</ele>
      </trkpt>
      <trkpt lat="41.411620918661356" lon="-82.8140499908477">
        <ele>188.76</ele>
      </trkpt>
      <trkpt lat="41.41141782514751" lon="-82.81395276077092">
        <ele>188.86</ele>
      </trkpt>
      <trkpt lat="41.41121473163366" lon="-82.81385553069413">
        <ele>188.94</ele>
      </trkpt>
      <trkpt lat="41.41101096756756" lon="-82.81375796534121">
        <ele>189.02</ele>
      </trkpt>
      <trkpt lat="41.41071927733719" lon="-82.81363776884973">
        <ele>189.09</ele>
      </trkpt>
      <trkpt lat="41.410427587106824" lon="-82.81351765617728">
        <ele>189.14</ele>
      </trkpt>
      <trkpt lat="41.410135980695486" lon="-82.81339754350483">
        <ele>189.19</ele>
      </trkpt>
      <trkpt lat="41.40984429046512" lon="-82.81327734701335">
        <ele>189.22</ele>
      </trkpt>
      <trkpt lat="41.40955260023475" lon="-82.8131572343409">
        <ele>189.24</ele>
      </trkpt>
      <trkpt lat="41.40926099382341" lon="-82.81303703784943">
        <ele>189.26</ele>
      </trkpt>
      <trkpt lat="41.40896695666015" lon="-82.8129159193486">
        <ele>189.26</ele>
      </trkpt>
      <trkpt lat="41.40869731083512" lon="-82.8128170967102">
        <ele>189.25</ele>
      </trkpt>
      <trkpt lat="41.40842758119106" lon="-82.81271819025278">
        <ele>189.23</ele>
      </trkpt>
      <trkpt lat="41.408157935366035" lon="-82.81261928379536">
        <ele>189.2</ele>
      </trkpt>
      <trkpt lat="41.4078869484365" lon="-82.81251995824277">
        <ele>189.17</ele>
      </trkpt>
      <trkpt lat="41.40789030119777" lon="-82.81283872202039">
        <ele>189.12</ele>
      </trkpt>
      <trkpt lat="41.407893653959036" lon="-82.81315740197897">
        <ele>189.07</ele>
      </trkpt>
      <trkpt lat="41.40789692290127" lon="-82.81347398646176">
        <ele>189.01</ele>
      </trkpt>
      <trkpt lat="41.407902874052525" lon="-82.81389215961099">
        <ele>188.95</ele>
      </trkpt>
      <trkpt lat="41.407908825203776" lon="-82.81431041657925">
        <ele>188.88</ele>
      </trkpt>
      <trkpt lat="41.40791477635503" lon="-82.81472858972847">
        <ele>188.8</ele>
      </trkpt>
      <trkpt lat="41.40792072750628" lon="-82.8151467628777">
        <ele>188.73</ele>
      </trkpt>
      <trkpt lat="41.40792667865753" lon="-82.81556501984596">
        <ele>188.65</ele>
      </trkpt>
      <trkpt lat="41.40793262980878" lon="-82.81598319299519">
        <ele>188.57</ele>
      </trkpt>
      <trkpt lat="41.407938497141004" lon="-82.81640144996345">
        <ele>188.48</ele>
      </trkpt>
      <trkpt lat="41.407944448292255" lon="-82.81681962311268">
        <ele>188.37</ele>
      </trkpt>
      <trkpt lat="41.40795039944351" lon="-82.81723788008094">
        <ele>188.27</ele>
      </trkpt>
      <trkpt lat="41.40795635059476" lon="-82.81765605323017">
        <ele>188.17</ele>
      </trkpt>
      <trkpt lat="41.40796230174601" lon="-82.81807431019843">
        <ele>188.11</ele>
      </trkpt>
      <trkpt lat="41.407967917621136" lon="-82.81848091632128">
        <ele>188.05</ele>
      </trkpt>
      <trkpt lat="41.4079749584198" lon="-82.81888861209154">
        <ele>188.01</ele>
      </trkpt>
      <trkpt lat="41.407981999218464" lon="-82.81929622404277">
        <ele>187.97</ele>
      </trkpt>
      <trkpt lat="41.40798904001713" lon="-82.819703835994">
        <ele>187.94</ele>
      </trkpt>
      <trkpt lat="41.40799608081579" lon="-82.82011153176427">
        <ele>187.92</ele>
      </trkpt>
      <trkpt lat="41.408003037795424" lon="-82.8205191437155">
        <ele>187.91</ele>
      </trkpt>
      <trkpt lat="41.40801007859409" lon="-82.82092675566673">
        <ele>187.9</ele>
      </trkpt>
      <trkpt lat="41.40801711939275" lon="-82.821334451437">
        <ele>187.91</ele>
      </trkpt>
      <trkpt lat="41.40802416019142" lon="-82.82174206338823">
        <ele>187.96</ele>
      </trkpt>
      <trkpt lat="41.40803120099008" lon="-82.82214967533946">
        <ele>188.02</ele>
      </trkpt>
      <trkpt lat="41.40803799033165" lon="-82.82254798337817">
        <ele>188.03</ele>
      </trkpt>
      <trkpt lat="41.408045031130314" lon="-82.82296221703291">
        <ele>188.03</ele>
      </trkpt>
      <trkpt lat="41.40805207192898" lon="-82.82337645068765">
        <ele>188.03</ele>
      </trkpt>
      <trkpt lat="41.408059196546674" lon="-82.82379068434238">
        <ele>188.02</ele>
      </trkpt>
      <trkpt lat="41.40806623734534" lon="-82.82420500181615">
        <ele>188.01</ele>
      </trkpt>
      <trkpt lat="41.408073278144" lon="-82.82461923547089">
        <ele>187.99</ele>
      </trkpt>
      <trkpt lat="41.4080804027617" lon="-82.82503346912563">
        <ele>187.96</ele>
      </trkpt>
      <trkpt lat="41.40808744356036" lon="-82.8254477865994">
        <ele>187.93</ele>
      </trkpt>
      <trkpt lat="41.40809456817806" lon="-82.82586202025414">
        <ele>187.84</ele>
      </trkpt>
      <trkpt lat="41.40810160897672" lon="-82.82627625390887">
        <ele>187.79</ele>
      </trkpt>
      <trkpt lat="41.408108649775386" lon="-82.82669048756361">
        <ele>187.72</ele>
      </trkpt>
      <trkpt lat="41.40811577439308" lon="-82.82710480503738">
        <ele>187.64</ele>
      </trkpt>
      <trkpt lat="41.408122815191746" lon="-82.82751903869212">
        <ele>187.6</ele>
      </trkpt>
      <trkpt lat="41.40812985599041" lon="-82.82793327234685">
        <ele>187.55</ele>
      </trkpt>
      <trkpt lat="41.408136980608106" lon="-82.82834750600159">
        <ele>187.5</ele>
      </trkpt>
      <trkpt lat="41.40814402140677" lon="-82.82876182347536">
        <ele>187.45</ele>
      </trkpt>
      <trkpt lat="41.408151146024466" lon="-82.8291760571301">
        <ele>187.4</ele>
      </trkpt>
      <trkpt lat="41.40815818682313" lon="-82.82959029078484">
        <ele>187.36</ele>
      </trkpt>
      <trkpt lat="41.408165227621794" lon="-82.83000452443957">
        <ele>187.31</ele>
      </trkpt>
      <trkpt lat="41.40817235223949" lon="-82.83041884191334">
        <ele>187.27</ele>
      </trkpt>
      <trkpt lat="41.408179393038154" lon="-82.83083307556808">
        <ele>187.23</ele>
      </trkpt>
      <trkpt lat="41.40818643383682" lon="-82.83124730922282">
        <ele>187.19</ele>
      </trkpt>
      <trkpt lat="41.40819355845451" lon="-82.83166154287755">
        <ele>187.16</ele>
      </trkpt>
      <trkpt lat="41.40820059925318" lon="-82.83207586035132">
        <ele>187.12</ele>
      </trkpt>
      <trkpt lat="41.40820772387087" lon="-82.83249009400606">
        <ele>187.08</ele>
      </trkpt>
      <trkpt lat="41.40821476466954" lon="-82.8329043276608">
        <ele>187.05</ele>
      </trkpt>
      <trkpt lat="41.4082218054682" lon="-82.83331864513457">
        <ele>187.01</ele>
      </trkpt>
      <trkpt lat="41.4082289300859" lon="-82.8337328787893">
        <ele>186.98</ele>
      </trkpt>
      <trkpt lat="41.40823597088456" lon="-82.83414711244404">
        <ele>186.95</ele>
      </trkpt>
      <trkpt lat="41.408243011683226" lon="-82.83456134609878">
        <ele>186.91</ele>
      </trkpt>
      <trkpt lat="41.40825013630092" lon="-82.83497566357255">
        <ele>186.87</ele>
      </trkpt>
      <trkpt lat="41.408257177099586" lon="-82.83538989722729">
        <ele>186.83</ele>
      </trkpt>
      <trkpt lat="41.40826430171728" lon="-82.83580413088202">
        <ele>186.79</ele>
      </trkpt>
      <trkpt lat="41.408271342515945" lon="-82.83621836453676">
        <ele>186.75</ele>
      </trkpt>
      <trkpt lat="41.40827838331461" lon="-82.83663268201053">
        <ele>186.71</ele>
      </trkpt>
      <trkpt lat="41.408285507932305" lon="-82.83704691566527">
        <ele>186.66</ele>
      </trkpt>
      <trkpt lat="41.40829254873097" lon="-82.83746114932">
        <ele>186.61</ele>
      </trkpt>
      <trkpt lat="41.40829958952963" lon="-82.83787546679378">
        <ele>186.56</ele>
      </trkpt>
      <trkpt lat="41.40830671414733" lon="-82.83828970044851">
        <ele>186.51</ele>
      </trkpt>
      <trkpt lat="41.40831375494599" lon="-82.83870393410325">
        <ele>186.45</ele>
      </trkpt>
      <trkpt lat="41.40832087956369" lon="-82.83911816775799">
        <ele>186.34</ele>
      </trkpt>
      <trkpt lat="41.40832792036235" lon="-82.83953248523176">
        <ele>186.29</ele>
      </trkpt>
      <trkpt lat="41.40833496116102" lon="-82.8399467188865">
        <ele>186.23</ele>
      </trkpt>
      <trkpt lat="41.40834208577871" lon="-82.84036095254123">
        <ele>186.18</ele>
      </trkpt>
      <trkpt lat="41.40834912657738" lon="-82.840775270015">
        <ele>186.13</ele>
      </trkpt>
      <trkpt lat="41.40835616737604" lon="-82.84118950366974">
        <ele>186.08</ele>
      </trkpt>
      <trkpt lat="41.40836329199374" lon="-82.84160373732448">
        <ele>186.04</ele>
      </trkpt>
      <trkpt lat="41.4083703327924" lon="-82.84201797097921">
        <ele>185.99</ele>
      </trkpt>
      <trkpt lat="41.4083774574101" lon="-82.84243228845298">
        <ele>185.95</ele>
      </trkpt>
      <trkpt lat="41.40838198363781" lon="-82.84279991872609">
        <ele>185.91</ele>
      </trkpt>
      <trkpt lat="41.40839313156903" lon="-82.84319487400353">
        <ele>185.88</ele>
      </trkpt>
      <trkpt lat="41.408404279500246" lon="-82.84358974546194">
        <ele>185.85</ele>
      </trkpt>
      <trkpt lat="41.408415511250496" lon="-82.84398470073938">
        <ele>185.82</ele>
      </trkpt>
      <trkpt lat="41.408426659181714" lon="-82.8443795721978">
        <ele>185.8</ele>
      </trkpt>
      <trkpt lat="41.40843780711293" lon="-82.84477452747524">
        <ele>185.78</ele>
      </trkpt>
      <trkpt lat="41.40844895504415" lon="-82.84516939893365">
        <ele>185.76</ele>
      </trkpt>
      <trkpt lat="41.408459935337305" lon="-82.84555798396468">
        <ele>185.74</ele>
      </trkpt>
      <trkpt lat="41.40846664085984" lon="-82.84593818709254">
        <ele>185.73</ele>
      </trkpt>
      <trkpt lat="41.40847334638238" lon="-82.8463183902204">
        <ele>185.73</ele>
      </trkpt>
      <trkpt lat="41.408479968085885" lon="-82.84669599495828">
        <ele>185.72</ele>
      </trkpt>
      <trkpt lat="41.40824334695935" lon="-82.84668199717999">
        <ele>185.73</ele>
      </trkpt>
      <trkpt lat="41.40800664201379" lon="-82.84666799940169">
        <ele>185.73</ele>
      </trkpt>
      <trkpt lat="41.40776893123984" lon="-82.84665391780436">
        <ele>185.74</ele>
      </trkpt>
      <trkpt lat="41.40751286409795" lon="-82.84664696082473">
        <ele>185.76</ele>
      </trkpt>
      <trkpt lat="41.407255958765745" lon="-82.84663992002606">
        <ele>185.78</ele>
      </trkpt>
      <trkpt lat="41.40703626908362" lon="-82.84662927500904">
        <ele>185.8</ele>
      </trkpt>
      <trkpt lat="41.40681657940149" lon="-82.84661862999201">
        <ele>185.83</ele>
      </trkpt>
      <trkpt lat="41.40659596771002" lon="-82.84660798497498">
        <ele>185.86</ele>
      </trkpt>
      <trkpt lat="41.40628483146429" lon="-82.84659264609218">
        <ele>185.9</ele>
      </trkpt>
      <trkpt lat="41.40597369521856" lon="-82.84657730720937">
        <ele>185.95</ele>
      </trkpt>
      <trkpt lat="41.40566264279187" lon="-82.84656196832657">
        <ele>186.0</ele>
      </trkpt>
      <trkpt lat="41.40535150654614" lon="-82.84654662944376">
        <ele>186.05</ele>
      </trkpt>
      <trkpt lat="41.40504037030041" lon="-82.84653129056096">
        <ele>186.11</ele>
      </trkpt>
      <trkpt lat="41.404729317873716" lon="-82.84651595167816">
        <ele>186.22</ele>
      </trkpt>
      <trkpt lat="41.40441818162799" lon="-82.84650061279535">
        <ele>186.3</ele>
      </trkpt>
      <trkpt lat="41.40410704538226" lon="-82.84648527391255">
        <ele>186.37</ele>
      </trkpt>
      <trkpt lat="41.403795992955565" lon="-82.84646993502975">
        <ele>186.45</ele>
      </trkpt>
      <trkpt lat="41.40348485670984" lon="-82.84645459614694">
        <ele>186.53</ele>
      </trkpt>
      <trkpt lat="41.40317372046411" lon="-82.84643925726414">
        <ele>186.61</ele>
      </trkpt>
      <trkpt lat="41.40286258421838" lon="-82.84642391838133">
        <ele>186.7</ele>
      </trkpt>
      <trkpt lat="41.40255153179169" lon="-82.84640857949853">
        <ele>186.79</ele>
      </trkpt>
      <trkpt lat="41.40223394148052" lon="-82.84639298915863">
        <ele>186.88</ele>
      </trkpt>
      <trkpt lat="41.401942083612084" lon="-82.84638251177967">
        <ele>186.98</ele>
      </trkpt>
      <trkpt lat="41.40165022574365" lon="-82.84637195058167">
        <ele>187.09</ele>
      </trkpt>
      <trkpt lat="41.40135836787522" lon="-82.8463614732027">
        <ele>187.2</ele>
      </trkpt>
      <trkpt lat="41.401066510006785" lon="-82.84635099582374">
        <ele>187.31</ele>
      </trkpt>
      <trkpt lat="41.40077465213835" lon="-82.84634051844478">
        <ele>187.43</ele>
      </trkpt>
      <trkpt lat="41.40048271045089" lon="-82.84633004106581">
        <ele>187.55</ele>
      </trkpt>
      <trkpt lat="41.400190852582455" lon="-82.84631956368685">
        <ele>187.69</ele>
      </trkpt>
      <trkpt lat="41.39989899471402" lon="-82.84630908630788">
        <ele>187.88</ele>
      </trkpt>
      <trkpt lat="41.39960713684559" lon="-82.84629860892892">
        <ele>188.06</ele>
      </trkpt>
      <trkpt lat="41.39931092038751" lon="-82.84628796391189">
        <ele>188.19</ele>
      </trkpt>
      <trkpt lat="41.39899886213243" lon="-82.84627321176231">
        <ele>188.33</ele>
      </trkpt>
      <trkpt lat="41.398686803877354" lon="-82.84625845961273">
        <ele>188.46</ele>
      </trkpt>
      <trkpt lat="41.39837474562228" lon="-82.84624370746315">
        <ele>188.6</ele>
      </trkpt>
      <trkpt lat="41.3980626873672" lon="-82.84622895531356">
        <ele>188.73</ele>
      </trkpt>
      <trkpt lat="41.397750629112124" lon="-82.84621420316398">
        <ele>188.87</ele>
      </trkpt>
      <trkpt lat="41.39743857085705" lon="-82.84619953483343">
        <ele>189.0</ele>
      </trkpt>
      <trkpt lat="41.39712651260197" lon="-82.84618478268385">
        <ele>189.14</ele>
      </trkpt>
      <trkpt lat="41.396814454346895" lon="-82.84617003053427">
        <ele>189.27</ele>
      </trkpt>
      <trkpt lat="41.39650231227279" lon="-82.84615527838469">
        <ele>189.41</ele>
      </trkpt>
      <trkpt lat="41.39619025401771" lon="-82.8461405262351">
        <ele>189.6</ele>
      </trkpt>
      <trkpt lat="41.395878195762634" lon="-82.84612577408552">
        <ele>189.74</ele>
      </trkpt>
      <trkpt lat="41.39556613750756" lon="-82.84611102193594">
        <ele>189.87</ele>
      </trkpt>
      <trkpt lat="41.39525407925248" lon="-82.84609626978636">
        <ele>190.01</ele>
      </trkpt>
      <trkpt lat="41.394942020997405" lon="-82.84608151763678">
        <ele>190.15</ele>
      </trkpt>
      <trkpt lat="41.39462996274233" lon="-82.8460667654872">
        <ele>190.28</ele>
      </trkpt>
      <trkpt lat="41.39431790448725" lon="-82.84605209715664">
        <ele>190.42</ele>
      </trkpt>
      <trkpt lat="41.393997967243195" lon="-82.8460369259119">
        <ele>190.55</ele>
      </trkpt>
      <trkpt lat="41.393689680844545" lon="-82.84602074883878">
        <ele>190.69</ele>
      </trkpt>
      <trkpt lat="41.393381394445896" lon="-82.84600457176566">
        <ele>190.86</ele>
      </trkpt>
      <trkpt lat="41.39307310804725" lon="-82.84598839469254">
        <ele>191.02</ele>
      </trkpt>
      <trkpt lat="41.3927648216486" lon="-82.84597221761942">
        <ele>191.15</ele>
      </trkpt>
      <trkpt lat="41.39245653524995" lon="-82.8459560405463">
        <ele>191.28</ele>
      </trkpt>
      <trkpt lat="41.39214833267033" lon="-82.84593986347318">
        <ele>191.41</ele>
      </trkpt>
      <trkpt lat="41.39184004627168" lon="-82.84592368640006">
        <ele>191.54</ele>
      </trkpt>
      <trkpt lat="41.39153175987303" lon="-82.84590750932693">
        <ele>191.7</ele>
      </trkpt>
      <trkpt lat="41.39122347347438" lon="-82.84589133225381">
        <ele>191.83</ele>
      </trkpt>
      <trkpt lat="41.390915187075734" lon="-82.84587515518069">
        <ele>191.95</ele>
      </trkpt>
      <trkpt lat="41.390606900677085" lon="-82.84585897810757">
        <ele>192.06</ele>
      </trkpt>
      <trkpt lat="41.390298614278436" lon="-82.84584280103445">
        <ele>192.16</ele>
      </trkpt>
      <trkpt lat="41.38999032787979" lon="-82.84582662396133">
        <ele>192.25</ele>
      </trkpt>
      <trkpt lat="41.38968204148114" lon="-82.84581044688821">
        <ele>192.34</ele>
      </trkpt>
      <trkpt lat="41.38936696574092" lon="-82.84579393453896">
        <ele>192.43</ele>
      </trkpt>
      <trkpt lat="41.389075107872486" lon="-82.84578111022711">
        <ele>192.5</ele>
      </trkpt>
      <trkpt lat="41.38878325000405" lon="-82.84576828591526">
        <ele>192.57</ele>
      </trkpt>
      <trkpt lat="41.38849139213562" lon="-82.8457554616034">
        <ele>192.63</ele>
      </trkpt>
      <trkpt lat="41.38819953426719" lon="-82.84574263729155">
        <ele>192.69</ele>
      </trkpt>
      <trkpt lat="41.387907676398754" lon="-82.84572972916067">
        <ele>192.73</ele>
      </trkpt>
      <trkpt lat="41.38761581853032" lon="-82.84571690484881">
        <ele>192.77</ele>
      </trkpt>
      <trkpt lat="41.387320943176746" lon="-82.84570399671793">
        <ele>192.8</ele>
      </trkpt>
      <trkpt lat="41.387094631791115" lon="-82.84569595009089">
        <ele>192.82</ele>
      </trkpt>
      <trkpt lat="41.38686832040548" lon="-82.84568798728287">
        <ele>192.85</ele>
      </trkpt>
      <trkpt lat="41.38664091937244" lon="-82.84567994065583">
        <ele>192.93</ele>
      </trkpt>
      <trkpt lat="41.386640248820186" lon="-82.84605905413628">
        <ele>192.86</ele>
      </trkpt>
      <trkpt lat="41.3866394944489" lon="-82.84643816761672">
        <ele>192.81</ele>
      </trkpt>
      <trkpt lat="41.386638740077615" lon="-82.8468173649162">
        <ele>192.75</ele>
      </trkpt>
      <trkpt lat="41.38663798570633" lon="-82.84719647839665">
        <ele>192.7</ele>
      </trkpt>
      <trkpt lat="41.386637231335044" lon="-82.8475755918771">
        <ele>192.64</ele>
      </trkpt>
      <trkpt lat="41.38663647696376" lon="-82.84795470535755">
        <ele>192.57</ele>
      </trkpt>
      <trkpt lat="41.38663572259247" lon="-82.848333818838">
        <ele>192.49</ele>
      </trkpt>
      <trkpt lat="41.38663496822119" lon="-82.84870597533882">
        <ele>192.39</ele>
      </trkpt>
      <trkpt lat="41.38663413003087" lon="-82.84909808076918">
        <ele>192.28</ele>
      </trkpt>
      <trkpt lat="41.38663329184055" lon="-82.84949010238051">
        <ele>192.16</ele>
      </trkpt>
      <trkpt lat="41.38663253746927" lon="-82.84988220781088">
        <ele>192.03</ele>
      </trkpt>
      <trkpt lat="41.38663169927895" lon="-82.85027431324124">
        <ele>191.89</ele>
      </trkpt>
      <trkpt lat="41.38663086108863" lon="-82.85066633485258">
        <ele>191.73</ele>
      </trkpt>
      <trkpt lat="41.38663010671735" lon="-82.85105844028294">
        <ele>191.56</ele>
      </trkpt>
      <trkpt lat="41.38662926852703" lon="-82.8514505457133">
        <ele>191.39</ele>
      </trkpt>
      <trkpt lat="41.386628430336714" lon="-82.85184265114367">
        <ele>191.2</ele>
      </trkpt>
      <trkpt lat="41.38662767596543" lon="-82.852234672755">
        <ele>191.01</ele>
      </trkpt>
      <trkpt lat="41.38662683777511" lon="-82.85262677818537">
        <ele>190.81</ele>
      </trkpt>
      <trkpt lat="41.386625999584794" lon="-82.85300899296999">
        <ele>190.55</ele>
      </trkpt>
      <trkpt lat="41.386626502498984" lon="-82.85334326326847">
        <ele>190.32</ele>
      </trkpt>
      <trkpt lat="41.38662692159414" lon="-82.85367753356695">
        <ele>190.08</ele>
      </trkpt>
      <trkpt lat="41.38662742450833" lon="-82.85401180386543">
        <ele>189.88</ele>
      </trkpt>
      <trkpt lat="41.38662792742252" lon="-82.85434297285974">
        <ele>189.57</ele>
      </trkpt>
      <trkpt lat="41.38662859797478" lon="-82.85470549017191">
        <ele>189.37</ele>
      </trkpt>
      <trkpt lat="41.38662926852703" lon="-82.85506792366505">
        <ele>189.25</ele>
      </trkpt>
      <trkpt lat="41.386629939079285" lon="-82.85542792640626">
        <ele>189.18</ele>
      </trkpt>
      <trkpt lat="41.38663035817444" lon="-82.8557906113565">
        <ele>189.02</ele>
      </trkpt>
      <trkpt lat="41.3866307772696" lon="-82.8561532124877">
        <ele>188.8</ele>
      </trkpt>
      <trkpt lat="41.38663119636476" lon="-82.85651589743793">
        <ele>188.6</ele>
      </trkpt>
      <trkpt lat="41.38663153164089" lon="-82.85687849856913">
        <ele>188.47</ele>
      </trkpt>
      <trkpt lat="41.386631950736046" lon="-82.85723699256778">
        <ele>188.38</ele>
      </trkpt>
      <trkpt lat="41.386632453650236" lon="-82.85759950987995">
        <ele>188.27</ele>
      </trkpt>
      <trkpt lat="41.386632956564426" lon="-82.85796211101115">
        <ele>188.19</ele>
      </trkpt>
      <trkpt lat="41.38663345947862" lon="-82.85832471214235">
        <ele>188.16</ele>
      </trkpt>
      <trkpt lat="41.38663396239281" lon="-82.85868396051228">
        <ele>188.15</ele>
      </trkpt>
      <trkpt lat="41.38663454912603" lon="-82.85904664546251">
        <ele>188.21</ele>
      </trkpt>
      <trkpt lat="41.38663513585925" lon="-82.85940933041275">
        <ele>188.25</ele>
      </trkpt>
      <trkpt lat="41.38663572259247" lon="-82.85977201536298">
        <ele>188.3</ele>
      </trkpt>
      <trkpt lat="41.38663622550666" lon="-82.86013470031321">
        <ele>188.36</ele>
      </trkpt>
      <trkpt lat="41.386636812239885" lon="-82.86049738526344">
        <ele>188.44</ele>
      </trkpt>
      <trkpt lat="41.38663739897311" lon="-82.86086007021368">
        <ele>188.52</ele>
      </trkpt>
      <trkpt lat="41.38663798570633" lon="-82.86121697165072">
        <ele>188.65</ele>
      </trkpt>
      <trkpt lat="41.38663848862052" lon="-82.86157932132483">
        <ele>188.82</ele>
      </trkpt>
      <trkpt lat="41.38663899153471" lon="-82.8619399946183">
        <ele>188.98</ele>
      </trkpt>
      <trkpt lat="41.3866394944489" lon="-82.86230276338756">
        <ele>189.08</ele>
      </trkpt>
      <trkpt lat="41.38663999736309" lon="-82.86266393959522">
        <ele>189.17</ele>
      </trkpt>
      <trkpt lat="41.38663982972503" lon="-82.86307314410806">
        <ele>189.25</ele>
      </trkpt>
      <trkpt lat="41.386639662086964" lon="-82.86348226480186">
        <ele>189.29</ele>
      </trkpt>
      <trkpt lat="41.3866394944489" lon="-82.8638914693147">
        <ele>189.34</ele>
      </trkpt>
      <trkpt lat="41.38663941062987" lon="-82.8643005900085">
        <ele>189.41</ele>
      </trkpt>
      <trkpt lat="41.386639242991805" lon="-82.86470979452133">
        <ele>189.46</ele>
      </trkpt>
      <trkpt lat="41.38663907535374" lon="-82.86511891521513">
        <ele>189.46</ele>
      </trkpt>
      <trkpt lat="41.38663899153471" lon="-82.86552811972797">
        <ele>189.48</ele>
      </trkpt>
      <trkpt lat="41.38663882389665" lon="-82.86593724042177">
        <ele>189.52</ele>
      </trkpt>
      <trkpt lat="41.38663865625858" lon="-82.8663464449346">
        <ele>189.54</ele>
      </trkpt>
      <trkpt lat="41.38663857243955" lon="-82.86675556562841">
        <ele>189.56</ele>
      </trkpt>
      <trkpt lat="41.38663840480149" lon="-82.86716477014124">
        <ele>189.57</ele>
      </trkpt>
      <trkpt lat="41.386638237163424" lon="-82.86757389083505">
        <ele>189.57</ele>
      </trkpt>
      <trkpt lat="41.38663815334439" lon="-82.86798309534788">
        <ele>189.57</ele>
      </trkpt>
      <trkpt lat="41.38663798570633" lon="-82.86839221604168">
        <ele>189.56</ele>
      </trkpt>
      <trkpt lat="41.386637818068266" lon="-82.86880142055452">
        <ele>189.55</ele>
      </trkpt>
      <trkpt lat="41.3866376504302" lon="-82.86921054124832">
        <ele>189.53</ele>
      </trkpt>
      <trkpt lat="41.38663756661117" lon="-82.86961974576116">
        <ele>189.51</ele>
      </trkpt>
      <trkpt lat="41.38663739897311" lon="-82.87002886645496">
        <ele>189.48</ele>
      </trkpt>
      <trkpt lat="41.386637231335044" lon="-82.8704380709678">
        <ele>189.44</ele>
      </trkpt>
      <trkpt lat="41.38663714751601" lon="-82.8708471916616">
        <ele>189.4</ele>
      </trkpt>
      <trkpt lat="41.38663697987795" lon="-82.87125639617443">
        <ele>189.35</ele>
      </trkpt>
      <trkpt lat="41.386636812239885" lon="-82.87166551686823">
        <ele>189.29</ele>
      </trkpt>
      <trkpt lat="41.386636728420854" lon="-82.87207472138107">
        <ele>189.22</ele>
      </trkpt>
      <trkpt lat="41.38663656078279" lon="-82.87248384207487">
        <ele>189.15</ele>
      </trkpt>
      <trkpt lat="41.38663639314473" lon="-82.8728930465877">
        <ele>189.07</ele>
      </trkpt>
      <trkpt lat="41.386636309325695" lon="-82.87330216728151">
        <ele>188.98</ele>
      </trkpt>
      <trkpt lat="41.38663614168763" lon="-82.87371137179434">
        <ele>188.89</ele>
      </trkpt>
      <trkpt lat="41.38663597404957" lon="-82.87412049248815">
        <ele>188.78</ele>
      </trkpt>
      <trkpt lat="41.386635806411505" lon="-82.87452969700098">
        <ele>188.67</ele>
      </trkpt>
      <trkpt lat="41.38663572259247" lon="-82.87493881769478">
        <ele>188.5</ele>
      </trkpt>
      <trkpt lat="41.38663555495441" lon="-82.87534802220762">
        <ele>188.32</ele>
      </trkpt>
      <trkpt lat="41.386635387316346" lon="-82.87575714290142">
        <ele>188.24</ele>
      </trkpt>
      <trkpt lat="41.386635303497314" lon="-82.87616634741426">
        <ele>188.14</ele>
      </trkpt>
      <trkpt lat="41.38663513585925" lon="-82.87657546810806">
        <ele>187.97</ele>
      </trkpt>
      <trkpt lat="41.38663496822119" lon="-82.87698467262089">
        <ele>187.83</ele>
      </trkpt>
      <trkpt lat="41.38663396239281" lon="-82.87735993042588">
        <ele>187.64</ele>
      </trkpt>
      <trkpt lat="41.386634297668934" lon="-82.87775907665491">
        <ele>187.47</ele>
      </trkpt>
      <trkpt lat="41.38663471676409" lon="-82.87815822288394">
        <ele>187.32</ele>
      </trkpt>
      <trkpt lat="41.38663505204022" lon="-82.87855736911297">
        <ele>187.16</ele>
      </trkpt>
      <trkpt lat="41.386635387316346" lon="-82.878956515342">
        <ele>187.0</ele>
      </trkpt>
      <trkpt lat="41.386635806411505" lon="-82.879355577752">
        <ele>186.84</ele>
      </trkpt>
      <trkpt lat="41.38663614168763" lon="-82.87975472398102">
        <ele>186.68</ele>
      </trkpt>
      <trkpt lat="41.38663656078279" lon="-82.88015387021005">
        <ele>186.47</ele>
      </trkpt>
      <trkpt lat="41.38663689605892" lon="-82.88055301643908">
        <ele>186.31</ele>
      </trkpt>
      <trkpt lat="41.386637231335044" lon="-82.88095216266811">
        <ele>186.14</ele>
      </trkpt>
      <trkpt lat="41.3866376504302" lon="-82.88135130889714">
        <ele>185.99</ele>
      </trkpt>
      <trkpt lat="41.38663798570633" lon="-82.88175037130713">
        <ele>185.88</ele>
      </trkpt>
      <trkpt lat="41.386638320982456" lon="-82.88214951753616">
        <ele>185.72</ele>
      </trkpt>
      <trkpt lat="41.386638740077615" lon="-82.88254866376519">
        <ele>185.57</ele>
      </trkpt>
      <trkpt lat="41.38663899153471" lon="-82.88293498568237">
        <ele>185.42</ele>
      </trkpt>
      <trkpt lat="41.386639242991805" lon="-82.88333790376782">
        <ele>185.26</ele>
      </trkpt>
      <trkpt lat="41.3866394944489" lon="-82.88374082185328">
        <ele>185.08</ele>
      </trkpt>
      <trkpt lat="41.38663982972503" lon="-82.88414373993874">
        <ele>184.93</ele>
      </trkpt>
      <trkpt lat="41.38664008118212" lon="-82.88454665802419">
        <ele>184.69</ele>
      </trkpt>
      <trkpt lat="41.38664033263922" lon="-82.88494957610965">
        <ele>184.54</ele>
      </trkpt>
      <trkpt lat="41.38664058409631" lon="-82.8853524941951">
        <ele>184.47</ele>
      </trkpt>
      <trkpt lat="41.38664091937244" lon="-82.88575541228056">
        <ele>184.36</ele>
      </trkpt>
      <trkpt lat="41.386641170829535" lon="-82.88615833036602">
        <ele>184.36</ele>
      </trkpt>
      <trkpt lat="41.38664142228663" lon="-82.8865613322705">
        <ele>184.38</ele>
      </trkpt>
      <trkpt lat="41.38664175756276" lon="-82.88696425035596">
        <ele>184.33</ele>
      </trkpt>
      <trkpt lat="41.38664200901985" lon="-82.88736716844141">
        <ele>184.26</ele>
      </trkpt>
      <trkpt lat="41.38664226047695" lon="-82.88777008652687">
        <ele>184.2</ele>
      </trkpt>
      <trkpt lat="41.386642595753074" lon="-82.88817300461233">
        <ele>184.2</ele>
      </trkpt>
      <trkpt lat="41.38664284721017" lon="-82.88857592269778">
        <ele>184.21</ele>
      </trkpt>
      <trkpt lat="41.3866429310292" lon="-82.88896492682397">
        <ele>184.24</ele>
      </trkpt>
      <trkpt lat="41.386643182486296" lon="-82.88932048715651">
        <ele>184.24</ele>
      </trkpt>
      <trkpt lat="41.38664343394339" lon="-82.88967613130808">
        <ele>184.29</ele>
      </trkpt>
      <trkpt lat="41.386643685400486" lon="-82.89003169164062">
        <ele>184.37</ele>
      </trkpt>
      <trkpt lat="41.38664393685758" lon="-82.89038398303092">
        <ele>184.49</ele>
      </trkpt>
      <trkpt lat="41.38664427213371" lon="-82.89073945954442">
        <ele>184.61</ele>
      </trkpt>
      <trkpt lat="41.386644607409835" lon="-82.89109493605793">
        <ele>184.73</ele>
      </trkpt>
      <trkpt lat="41.38664494268596" lon="-82.89144798181951">
        <ele>184.91</ele>
      </trkpt>
      <trkpt lat="41.38664494268596" lon="-82.89180379360914">
        <ele>185.06</ele>
      </trkpt>
      <trkpt lat="41.38664494268596" lon="-82.89215792901814">
        <ele>185.17</ele>
      </trkpt>
      <trkpt lat="41.386646619066596" lon="-82.8925465978682">
        <ele>185.22</ele>
      </trkpt>
      <trkpt lat="41.3866482116282" lon="-82.89293526671827">
        <ele>185.36</ele>
      </trkpt>
      <trkpt lat="41.3866498041898" lon="-82.89332393556833">
        <ele>185.47</ele>
      </trkpt>
      <trkpt lat="41.386651480570436" lon="-82.8937126044184">
        <ele>185.55</ele>
      </trkpt>
      <trkpt lat="41.38665307313204" lon="-82.89410127326846">
        <ele>185.62</ele>
      </trkpt>
      <trkpt lat="41.38665474951267" lon="-82.89448994211853">
        <ele>185.68</ele>
      </trkpt>
      <trkpt lat="41.386656342074275" lon="-82.89487861096859">
        <ele>185.73</ele>
      </trkpt>
      <trkpt lat="41.38665793463588" lon="-82.89526727981865">
        <ele>185.76</ele>
      </trkpt>
      <trkpt lat="41.38665961101651" lon="-82.89565594866872">
        <ele>185.77</ele>
      </trkpt>
      <trkpt lat="41.386661203578115" lon="-82.89604461751878">
        <ele>185.76</ele>
      </trkpt>
      <trkpt lat="41.38666287995875" lon="-82.89643328636885">
        <ele>185.74</ele>
      </trkpt>
      <trkpt lat="41.38666447252035" lon="-82.89682187139988">
        <ele>185.71</ele>
      </trkpt>
      <trkpt lat="41.38666598126292" lon="-82.89719897322357">
        <ele>185.65</ele>
      </trkpt>
      <trkpt lat="41.38666749000549" lon="-82.89757456630468">
        <ele>185.58</ele>
      </trkpt>
      <trkpt lat="41.386668998748064" lon="-82.8979501593858">
        <ele>185.5</ele>
      </trkpt>
      <trkpt lat="41.386670507490635" lon="-82.89832583628595">
        <ele>185.4</ele>
      </trkpt>
      <trkpt lat="41.386671932414174" lon="-82.89869799278677">
        <ele>185.26</ele>
      </trkpt>
      <trkpt lat="41.386674446985126" lon="-82.89911683648825">
        <ele>185.11</ele>
      </trkpt>
      <trkpt lat="41.38667696155608" lon="-82.8995355963707">
        <ele>184.92</ele>
      </trkpt>
      <trkpt lat="41.38667947612703" lon="-82.89995444007218">
        <ele>184.78</ele>
      </trkpt>
      <trkpt lat="41.38668199069798" lon="-82.90037328377366">
        <ele>184.64</ele>
      </trkpt>
      <trkpt lat="41.38668450526893" lon="-82.90079212747514">
        <ele>184.5</ele>
      </trkpt>
      <trkpt lat="41.38668701983988" lon="-82.90121097117662">
        <ele>184.36</ele>
      </trkpt>
      <trkpt lat="41.386689534410834" lon="-82.9016298148781">
        <ele>184.21</ele>
      </trkpt>
      <trkpt lat="41.386691965162754" lon="-82.90204094722867">
        <ele>184.07</ele>
      </trkpt>
      <trkpt lat="41.38669523410499" lon="-82.90245811454952">
        <ele>183.92</ele>
      </trkpt>
      <trkpt lat="41.38669850304723" lon="-82.90287528187037">
        <ele>183.81</ele>
      </trkpt>
      <trkpt lat="41.386701771989465" lon="-82.90329244919121">
        <ele>183.68</ele>
      </trkpt>
      <trkpt lat="41.3867050409317" lon="-82.90370961651206">
        <ele>183.51</ele>
      </trkpt>
      <trkpt lat="41.38670830987394" lon="-82.90412678383291">
        <ele>183.39</ele>
      </trkpt>
      <trkpt lat="41.386711578816175" lon="-82.90454395115376">
        <ele>183.29</ele>
      </trkpt>
      <trkpt lat="41.38671484775841" lon="-82.9049611184746">
        <ele>183.2</ele>
      </trkpt>
      <trkpt lat="41.38671811670065" lon="-82.90537828579545">
        <ele>183.12</ele>
      </trkpt>
      <trkpt lat="41.386721385642886" lon="-82.9057954531163">
        <ele>183.05</ele>
      </trkpt>
      <trkpt lat="41.38672465458512" lon="-82.90621262043715">
        <ele>182.99</ele>
      </trkpt>
      <trkpt lat="41.38672792352736" lon="-82.90662978775799">
        <ele>182.94</ele>
      </trkpt>
      <trkpt lat="41.3867311924696" lon="-82.90704695507884">
        <ele>182.9</ele>
      </trkpt>
      <trkpt lat="41.386734461411834" lon="-82.90746412239969">
        <ele>182.88</ele>
      </trkpt>
      <trkpt lat="41.38673773035407" lon="-82.90788128972054">
        <ele>182.86</ele>
      </trkpt>
      <trkpt lat="41.38674099929631" lon="-82.90829845704138">
        <ele>182.86</ele>
      </trkpt>
      <trkpt lat="41.386744268238544" lon="-82.90871562436223">
        <ele>182.86</ele>
      </trkpt>
      <trkpt lat="41.38674753718078" lon="-82.90913270786405">
        <ele>182.87</ele>
      </trkpt>
      <trkpt lat="41.38675080612302" lon="-82.9095498751849">
        <ele>182.89</ele>
      </trkpt>
      <trkpt lat="41.386754075065255" lon="-82.90996704250574">
        <ele>182.92</ele>
      </trkpt>
      <trkpt lat="41.38675734400749" lon="-82.91038420982659">
        <ele>182.95</ele>
      </trkpt>
      <trkpt lat="41.38676061294973" lon="-82.91080137714744">
        <ele>182.99</ele>
      </trkpt>
      <trkpt lat="41.386763881891966" lon="-82.91121854446828">
        <ele>183.03</ele>
      </trkpt>
      <trkpt lat="41.3867671508342" lon="-82.91163571178913">
        <ele>183.08</ele>
      </trkpt>
      <trkpt lat="41.38677041977644" lon="-82.91205287910998">
        <ele>183.13</ele>
      </trkpt>
      <trkpt lat="41.386773604899645" lon="-82.91247004643083">
        <ele>183.18</ele>
      </trkpt>
      <trkpt lat="41.38677687384188" lon="-82.91288721375167">
        <ele>183.29</ele>
      </trkpt>
      <trkpt lat="41.38678014278412" lon="-82.91330438107252">
        <ele>183.32</ele>
      </trkpt>
      <trkpt lat="41.386783411726356" lon="-82.91372154839337">
        <ele>183.38</ele>
      </trkpt>
      <trkpt lat="41.38678668066859" lon="-82.91413871571422">
        <ele>183.43</ele>
      </trkpt>
      <trkpt lat="41.38678994961083" lon="-82.91455588303506">
        <ele>183.47</ele>
      </trkpt>
      <trkpt lat="41.386793218553066" lon="-82.91497305035591">
        <ele>183.5</ele>
      </trkpt>
      <trkpt lat="41.3867964874953" lon="-82.91539021767676">
        <ele>183.53</ele>
      </trkpt>
      <trkpt lat="41.38679975643754" lon="-82.9158073849976">
        <ele>183.55</ele>
      </trkpt>
      <trkpt lat="41.386801935732365" lon="-82.91619194671512">
        <ele>183.57</ele>
      </trkpt>
      <trkpt lat="41.38679841533303" lon="-82.91660592891276">
        <ele>183.58</ele>
      </trkpt>
      <trkpt lat="41.38679481111467" lon="-82.91701982729137">
        <ele>183.58</ele>
      </trkpt>
      <trkpt lat="41.386791206896305" lon="-82.91743380948901">
        <ele>183.53</ele>
      </trkpt>
      <trkpt lat="41.38678768649697" lon="-82.91784779168665">
        <ele>183.53</ele>
      </trkpt>
      <trkpt lat="41.38678408227861" lon="-82.91826169006526">
        <ele>183.52</ele>
      </trkpt>
      <trkpt lat="41.386780478060246" lon="-82.9186756722629">
        <ele>183.51</ele>
      </trkpt>
      <trkpt lat="41.38677695766091" lon="-82.91908294893801">
        <ele>183.5</ele>
      </trkpt>
      <trkpt lat="41.38677394017577" lon="-82.91944496333599">
        <ele>183.49</ele>
      </trkpt>
      <trkpt lat="41.38677041977644" lon="-82.91986313648522">
        <ele>183.48</ele>
      </trkpt>
      <trkpt lat="41.38676689937711" lon="-82.92028130963445">
        <ele>183.46</ele>
      </trkpt>
      <trkpt lat="41.386763378977776" lon="-82.92069948278368">
        <ele>183.44</ele>
      </trkpt>
      <trkpt lat="41.38675985857844" lon="-82.92111757211387">
        <ele>183.43</ele>
      </trkpt>
      <trkpt lat="41.38675633817911" lon="-82.9215357452631">
        <ele>183.41</ele>
      </trkpt>
      <trkpt lat="41.38675273396075" lon="-82.92195391841233">
        <ele>183.38</ele>
      </trkpt>
      <trkpt lat="41.386749213561416" lon="-82.92237209156156">
        <ele>183.36</ele>
      </trkpt>
      <trkpt lat="41.386745693162084" lon="-82.92279026471078">
        <ele>183.33</ele>
      </trkpt>
      <trkpt lat="41.38674217276275" lon="-82.92320843786001">
        <ele>183.3</ele>
      </trkpt>
      <trkpt lat="41.38673865236342" lon="-82.92362661100924">
        <ele>183.27</ele>
      </trkpt>
      <trkpt lat="41.38673513196409" lon="-82.92404470033944">
        <ele>183.23</ele>
      </trkpt>
      <trkpt lat="41.386731611564755" lon="-82.92446287348866">
        <ele>183.19</ele>
      </trkpt>
      <trkpt lat="41.38672809116542" lon="-82.92488104663789">
        <ele>183.14</ele>
      </trkpt>
      <trkpt lat="41.38672448694706" lon="-82.92529921978712">
        <ele>183.09</ele>
      </trkpt>
      <trkpt lat="41.38672096654773" lon="-82.9257029760629">
        <ele>183.03</ele>
      </trkpt>
      <trkpt lat="41.38671828433871" lon="-82.9261012841016">
        <ele>182.97</ele>
      </trkpt>
      <trkpt lat="41.3867156021297" lon="-82.92649959214032">
        <ele>182.9</ele>
      </trkpt>
      <trkpt lat="41.386713003739715" lon="-82.92689790017903">
        <ele>182.82</ele>
      </trkpt>
      <trkpt lat="41.3867103215307" lon="-82.92729620821774">
        <ele>182.74</ele>
      </trkpt>
      <trkpt lat="41.386707639321685" lon="-82.92769451625645">
        <ele>182.65</ele>
      </trkpt>
      <trkpt lat="41.38670495711267" lon="-82.92809282429516">
        <ele>182.55</ele>
      </trkpt>
      <trkpt lat="41.386702274903655" lon="-82.92849113233387">
        <ele>182.45</ele>
      </trkpt>
      <trkpt lat="41.38669967651367" lon="-82.92888952419162">
        <ele>182.34</ele>
      </trkpt>
      <trkpt lat="41.38669699430466" lon="-82.92928783223033">
        <ele>182.21</ele>
      </trkpt>
      <trkpt lat="41.38669431209564" lon="-82.92968614026904">
        <ele>182.11</ele>
      </trkpt>
      <trkpt lat="41.38669162988663" lon="-82.93008444830775">
        <ele>181.96</ele>
      </trkpt>
      <trkpt lat="41.386689031496644" lon="-82.93048275634646">
        <ele>181.82</ele>
      </trkpt>
      <trkpt lat="41.38668634928763" lon="-82.93088106438518">
        <ele>181.67</ele>
      </trkpt>
      <trkpt lat="41.386683667078614" lon="-82.93127937242389">
        <ele>181.51</ele>
      </trkpt>
      <trkpt lat="41.3866809848696" lon="-82.9316639341414">
        <ele>181.39</ele>
      </trkpt>
      <trkpt lat="41.38667821884155" lon="-82.93207162991166">
        <ele>181.28</ele>
      </trkpt>
      <trkpt lat="41.386675452813506" lon="-82.93247932568192">
        <ele>181.18</ele>
      </trkpt>
      <trkpt lat="41.38667268678546" lon="-82.93288702145219">
        <ele>181.08</ele>
      </trkpt>
      <trkpt lat="41.38666992075741" lon="-82.93329094536602">
        <ele>180.94</ele>
      </trkpt>
      <trkpt lat="41.38666732236743" lon="-82.93367525562644">
        <ele>180.85</ele>
      </trkpt>
      <trkpt lat="41.38666472397745" lon="-82.93405956588686">
        <ele>180.78</ele>
      </trkpt>
      <trkpt lat="41.38666212558746" lon="-82.93444379232824">
        <ele>180.77</ele>
      </trkpt>
      <trkpt lat="41.38665952719748" lon="-82.93482810258865">
        <ele>180.68</ele>
      </trkpt>
      <trkpt lat="41.3866569288075" lon="-82.93520797044039">
        <ele>180.63</ele>
      </trkpt>
      <trkpt lat="41.386670004576445" lon="-82.93561030179262">
        <ele>180.61</ele>
      </trkpt>
      <trkpt lat="41.38668299652636" lon="-82.93601263314486">
        <ele>180.62</ele>
      </trkpt>
      <trkpt lat="41.386695988476276" lon="-82.93641488067806">
        <ele>180.61</ele>
      </trkpt>
      <trkpt lat="41.38670898042619" lon="-82.93681721203029">
        <ele>180.61</ele>
      </trkpt>
      <trkpt lat="41.38672197237611" lon="-82.93721954338253">
        <ele>180.6</ele>
      </trkpt>
      <trkpt lat="41.386734964326024" lon="-82.93762187473476">
        <ele>180.6</ele>
      </trkpt>
      <trkpt lat="41.38674804009497" lon="-82.938024206087">
        <ele>180.61</ele>
      </trkpt>
      <trkpt lat="41.38676103204489" lon="-82.93842653743923">
        <ele>180.61</ele>
      </trkpt>
      <trkpt lat="41.3867740239948" lon="-82.93882886879146">
        <ele>180.62</ele>
      </trkpt>
      <trkpt lat="41.38678701594472" lon="-82.93923111632466">
        <ele>180.63</ele>
      </trkpt>
      <trkpt lat="41.386800007894635" lon="-82.9396334476769">
        <ele>180.64</ele>
      </trkpt>
      <trkpt lat="41.38681299984455" lon="-82.94003577902913">
        <ele>180.66</ele>
      </trkpt>
      <trkpt lat="41.3868260756135" lon="-82.94043811038136">
        <ele>180.67</ele>
      </trkpt>
      <trkpt lat="41.386839067563415" lon="-82.9408404417336">
        <ele>180.68</ele>
      </trkpt>
      <trkpt lat="41.38685205951333" lon="-82.94124277308583">
        <ele>180.69</ele>
      </trkpt>
      <trkpt lat="41.386865051463246" lon="-82.94164510443807">
        <ele>180.69</ele>
      </trkpt>
      <trkpt lat="41.38687804341316" lon="-82.9420474357903">
        <ele>180.7</ele>
      </trkpt>
      <trkpt lat="41.38689103536308" lon="-82.9424496833235">
        <ele>180.7</ele>
      </trkpt>
      <trkpt lat="41.386904111132026" lon="-82.94285201467574">
        <ele>180.71</ele>
      </trkpt>
      <trkpt lat="41.38691710308194" lon="-82.94325434602797">
        <ele>180.71</ele>
      </trkpt>
      <trkpt lat="41.38693009503186" lon="-82.9436566773802">
        <ele>180.71</ele>
      </trkpt>
      <trkpt lat="41.38694308698177" lon="-82.94405900873244">
        <ele>180.7</ele>
      </trkpt>
      <trkpt lat="41.38695607893169" lon="-82.94446134008467">
        <ele>180.69</ele>
      </trkpt>
      <trkpt lat="41.38696915470064" lon="-82.9448636714369">
        <ele>180.64</ele>
      </trkpt>
      <trkpt lat="41.38698097318411" lon="-82.94524295255542">
        <ele>180.64</ele>
      </trkpt>
      <trkpt lat="41.38699421659112" lon="-82.9456602036953">
        <ele>180.7</ele>
      </trkpt>
      <trkpt lat="41.38700745999813" lon="-82.94607745483518">
        <ele>180.64</ele>
      </trkpt>
      <trkpt lat="41.38702070340514" lon="-82.94649470597506">
        <ele>180.64</ele>
      </trkpt>
      <trkpt lat="41.38703386299312" lon="-82.94691195711493">
        <ele>180.65</ele>
      </trkpt>
      <trkpt lat="41.38704710640013" lon="-82.94732912443578">
        <ele>180.65</ele>
      </trkpt>
      <trkpt lat="41.38706034980714" lon="-82.94774637557566">
        <ele>180.71</ele>
      </trkpt>
      <trkpt lat="41.387073593214154" lon="-82.94816362671554">
        <ele>180.7</ele>
      </trkpt>
      <trkpt lat="41.387086836621165" lon="-82.94858087785542">
        <ele>180.66</ele>
      </trkpt>
      <trkpt lat="41.387100080028176" lon="-82.9489981289953">
        <ele>180.69</ele>
      </trkpt>
      <trkpt lat="41.38711332343519" lon="-82.94941538013518">
        <ele>180.73</ele>
      </trkpt>
      <trkpt lat="41.3871265668422" lon="-82.94983263127506">
        <ele>180.73</ele>
      </trkpt>
      <trkpt lat="41.38713981024921" lon="-82.95024988241494">
        <ele>180.72</ele>
      </trkpt>
      <trkpt lat="41.38715305365622" lon="-82.95066704973578">
        <ele>180.72</ele>
      </trkpt>
      <trkpt lat="41.38716629706323" lon="-82.95108430087566">
        <ele>180.71</ele>
      </trkpt>
      <trkpt lat="41.38717945665121" lon="-82.95150155201554">
        <ele>180.7</ele>
      </trkpt>
      <trkpt lat="41.38719270005822" lon="-82.95191880315542">
        <ele>180.69</ele>
      </trkpt>
      <trkpt lat="41.38720594346523" lon="-82.9523360542953">
        <ele>180.67</ele>
      </trkpt>
      <trkpt lat="41.387219186872244" lon="-82.95275330543518">
        <ele>180.65</ele>
      </trkpt>
      <trkpt lat="41.387232430279255" lon="-82.95317055657506">
        <ele>180.63</ele>
      </trkpt>
      <trkpt lat="41.387245673686266" lon="-82.95358780771494">
        <ele>180.61</ele>
      </trkpt>
      <trkpt lat="41.38725799508393" lon="-82.9539849422872">
        <ele>180.58</ele>
      </trkpt>
      <trkpt lat="41.38724642805755" lon="-82.95436531305313">
        <ele>180.54</ele>
      </trkpt>
      <trkpt lat="41.387234944850206" lon="-82.95474392361939">
        <ele>180.47</ele>
      </trkpt>
      <trkpt lat="41.38722547329962" lon="-82.95514767989516">
        <ele>180.44</ele>
      </trkpt>
      <trkpt lat="41.38721600174904" lon="-82.9555513523519">
        <ele>180.41</ele>
      </trkpt>
      <trkpt lat="41.38720661401749" lon="-82.95595510862768">
        <ele>180.38</ele>
      </trkpt>
      <trkpt lat="41.3871971424669" lon="-82.95635878108442">
        <ele>180.36</ele>
      </trkpt>
      <trkpt lat="41.38718767091632" lon="-82.95676245354116">
        <ele>180.34</ele>
      </trkpt>
      <trkpt lat="41.387178199365735" lon="-82.95716620981693">
        <ele>180.33</ele>
      </trkpt>
      <trkpt lat="41.38716872781515" lon="-82.95756988227367">
        <ele>180.31</ele>
      </trkpt>
      <trkpt lat="41.38715925626457" lon="-82.95797363854945">
        <ele>180.3</ele>
      </trkpt>
      <trkpt lat="41.38714995235205" lon="-82.95836892910302">
        <ele>180.29</ele>
      </trkpt>
      <trkpt lat="41.38714098371565" lon="-82.958730943501">
        <ele>180.25</ele>
      </trkpt>
      <trkpt lat="41.38713260181248" lon="-82.9590901080519">
        <ele>180.23</ele>
      </trkpt>
      <trkpt lat="41.38712421990931" lon="-82.9594492726028">
        <ele>180.23</ele>
      </trkpt>
      <trkpt lat="41.38711592182517" lon="-82.95980592258275">
        <ele>180.26</ele>
      </trkpt>
      <trkpt lat="41.387105947360396" lon="-82.96019685454667">
        <ele>180.33</ele>
      </trkpt>
      <trkpt lat="41.38709588907659" lon="-82.96058778651059">
        <ele>180.33</ele>
      </trkpt>
      <trkpt lat="41.387085914611816" lon="-82.96097863465548">
        <ele>180.27</ele>
      </trkpt>
      <trkpt lat="41.38707585632801" lon="-82.9613695666194">
        <ele>180.27</ele>
      </trkpt>
      <trkpt lat="41.387065881863236" lon="-82.96176041476429">
        <ele>180.26</ele>
      </trkpt>
      <trkpt lat="41.38705582357943" lon="-82.9621513467282">
        <ele>180.24</ele>
      </trkpt>
      <trkpt lat="41.38704584911466" lon="-82.96254227869213">
        <ele>180.22</ele>
      </trkpt>
      <trkpt lat="41.38703579083085" lon="-82.96293312683702">
        <ele>180.23</ele>
      </trkpt>
      <trkpt lat="41.38702581636608" lon="-82.96332405880094">
        <ele>180.19</ele>
      </trkpt>
      <trkpt lat="41.387015925720334" lon="-82.96370593830943">
        <ele>180.14</ele>
      </trkpt>
      <trkpt lat="41.38700461015105" lon="-82.96409569680691">
        <ele>180.07</ele>
      </trkpt>
      <trkpt lat="41.38699321076274" lon="-82.96448545530438">
        <ele>180.0</ele>
      </trkpt>
      <trkpt lat="41.38698189519346" lon="-82.96487512998283">
        <ele>179.92</ele>
      </trkpt>
      <trkpt lat="41.386970495805144" lon="-82.9652648884803">
        <ele>179.82</ele>
      </trkpt>
      <trkpt lat="41.38695918023586" lon="-82.96565456315875">
        <ele>179.72</ele>
      </trkpt>
      <trkpt lat="41.38694794848561" lon="-82.9660389572382">
        <ele>179.61</ele>
      </trkpt>
      <trkpt lat="41.38693604618311" lon="-82.96644975431263">
        <ele>179.49</ele>
      </trkpt>
      <trkpt lat="41.386924143880606" lon="-82.9668606352061">
        <ele>179.29</ele>
      </trkpt>
      <trkpt lat="41.3869122415781" lon="-82.96727143228054">
        <ele>179.09</ele>
      </trkpt>
      <trkpt lat="41.3869003392756" lon="-82.96768231317401">
        <ele>178.97</ele>
      </trkpt>
      <trkpt lat="41.386888436973095" lon="-82.96809311024845">
        <ele>178.86</ele>
      </trkpt>
      <trkpt lat="41.38687653467059" lon="-82.96850399114192">
        <ele>178.76</ele>
      </trkpt>
      <trkpt lat="41.38686463236809" lon="-82.96891478821635">
        <ele>178.67</ele>
      </trkpt>
      <trkpt lat="41.386852730065584" lon="-82.96932558529079">
        <ele>178.59</ele>
      </trkpt>
      <trkpt lat="41.38684082776308" lon="-82.96973646618426">
        <ele>178.52</ele>
      </trkpt>
      <trkpt lat="41.38682892546058" lon="-82.9701472632587">
        <ele>178.47</ele>
      </trkpt>
      <trkpt lat="41.38681702315807" lon="-82.97055814415216">
        <ele>178.42</ele>
      </trkpt>
      <trkpt lat="41.38680512085557" lon="-82.9709689412266">
        <ele>178.4</ele>
      </trkpt>
      <trkpt lat="41.386793218553066" lon="-82.97137982212007">
        <ele>178.38</ele>
      </trkpt>
      <trkpt lat="41.38678131625056" lon="-82.97179061919451">
        <ele>178.38</ele>
      </trkpt>
      <trkpt lat="41.38676941394806" lon="-82.97220141626894">
        <ele>178.4</ele>
      </trkpt>
      <trkpt lat="41.386757511645555" lon="-82.97261229716241">
        <ele>178.42</ele>
      </trkpt>
      <trkpt lat="41.38674560934305" lon="-82.97302309423685">
        <ele>178.46</ele>
      </trkpt>
      <trkpt lat="41.38673395849764" lon="-82.97341695986688">
        <ele>178.5</ele>
      </trkpt>
      <trkpt lat="41.38672658242285" lon="-82.97383412718773">
        <ele>178.61</ele>
      </trkpt>
      <trkpt lat="41.38671929016709" lon="-82.97425121068954">
        <ele>178.7</ele>
      </trkpt>
      <trkpt lat="41.3867119140923" lon="-82.97466837801039">
        <ele>178.79</ele>
      </trkpt>
      <trkpt lat="41.38670453801751" lon="-82.97508546151221">
        <ele>178.87</ele>
      </trkpt>
      <trkpt lat="41.38669724576175" lon="-82.97550262883306">
        <ele>178.94</ele>
      </trkpt>
      <trkpt lat="41.38668986968696" lon="-82.9759197961539">
        <ele>179.01</ele>
      </trkpt>
      <trkpt lat="41.38668249361217" lon="-82.97633687965572">
        <ele>179.08</ele>
      </trkpt>
      <trkpt lat="41.38667520135641" lon="-82.97675404697657">
        <ele>179.15</ele>
      </trkpt>
      <trkpt lat="41.38666782528162" lon="-82.97717113047838">
        <ele>179.21</ele>
      </trkpt>
      <trkpt lat="41.38666044920683" lon="-82.97758829779923">
        <ele>179.28</ele>
      </trkpt>
      <trkpt lat="41.38665315695107" lon="-82.97800546512008">
        <ele>179.34</ele>
      </trkpt>
      <trkpt lat="41.38664578087628" lon="-82.9784225486219">
        <ele>179.4</ele>
      </trkpt>
      <trkpt lat="41.38663840480149" lon="-82.97883971594274">
        <ele>179.45</ele>
      </trkpt>
      <trkpt lat="41.38663111254573" lon="-82.97925679944456">
        <ele>179.5</ele>
      </trkpt>
      <trkpt lat="41.38662373647094" lon="-82.9796739667654">
        <ele>179.51</ele>
      </trkpt>
      <trkpt lat="41.38661636039615" lon="-82.98009113408625">
        <ele>179.51</ele>
      </trkpt>
      <trkpt lat="41.38660906814039" lon="-82.98050821758807">
        <ele>179.56</ele>
      </trkpt>
      <trkpt lat="41.3866016920656" lon="-82.98092538490891">
        <ele>179.7</ele>
      </trkpt>
      <trkpt lat="41.386594315990806" lon="-82.98134246841073">
        <ele>179.79</ele>
      </trkpt>
      <trkpt lat="41.386587023735046" lon="-82.98175963573158">
        <ele>179.85</ele>
      </trkpt>
      <trkpt lat="41.386579647660255" lon="-82.9821767192334">
        <ele>179.91</ele>
      </trkpt>
      <trkpt lat="41.386572271585464" lon="-82.98259388655424">
        <ele>179.97</ele>
      </trkpt>
      <trkpt lat="41.386564979329705" lon="-82.98298892565072">
        <ele>180.03</ele>
      </trkpt>
      <trkpt lat="41.38655919581652" lon="-82.98338044434786">
        <ele>180.09</ele>
      </trkpt>
      <trkpt lat="41.38655341230333" lon="-82.98377187922597">
        <ele>180.14</ele>
      </trkpt>
      <trkpt lat="41.38654762879014" lon="-82.98416331410408">
        <ele>180.2</ele>
      </trkpt>
      <trkpt lat="41.38654184527695" lon="-82.98455474898219">
        <ele>180.26</ele>
      </trkpt>
      <trkpt lat="41.38653606176376" lon="-82.98494626767933">
        <ele>180.36</ele>
      </trkpt>
      <trkpt lat="41.386530278250575" lon="-82.98533770255744">
        <ele>180.42</ele>
      </trkpt>
      <trkpt lat="41.38652449473739" lon="-82.98572913743556">
        <ele>180.48</ele>
      </trkpt>
      <trkpt lat="41.3865187112242" lon="-82.98612057231367">
        <ele>180.53</ele>
      </trkpt>
      <trkpt lat="41.38651292771101" lon="-82.98650396056473">
        <ele>180.57</ele>
      </trkpt>
      <trkpt lat="41.38650798238814" lon="-82.98685499466956">
        <ele>180.58</ele>
      </trkpt>
      <trkpt lat="41.38650597073138" lon="-82.9870099760592">
        <ele>180.6</ele>
      </trkpt>
      <trkpt lat="41.386500019580126" lon="-82.98740275204182">
        <ele>180.64</ele>
      </trkpt>
      <trkpt lat="41.386494068428874" lon="-82.9877954442054">
        <ele>180.69</ele>
      </trkpt>
      <trkpt lat="41.38648811727762" lon="-82.98818822018802">
        <ele>180.78</ele>
      </trkpt>
      <trkpt lat="41.3864822499454" lon="-82.98858099617064">
        <ele>180.85</ele>
      </trkpt>
      <trkpt lat="41.38647629879415" lon="-82.98897377215326">
        <ele>180.89</ele>
      </trkpt>
      <trkpt lat="41.3864703476429" lon="-82.98936654813588">
        <ele>180.94</ele>
      </trkpt>
      <trkpt lat="41.38646439649165" lon="-82.98975924029946">
        <ele>180.98</ele>
      </trkpt>
      <trkpt lat="41.38645852915943" lon="-82.99015201628208">
        <ele>181.02</ele>
      </trkpt>
      <trkpt lat="41.386452578008175" lon="-82.9905447922647">
        <ele>181.06</ele>
      </trkpt>
      <trkpt lat="41.38644662685692" lon="-82.99093756824732">
        <ele>181.09</ele>
      </trkpt>
      <trkpt lat="41.38644067570567" lon="-82.99133034422994">
        <ele>181.12</ele>
      </trkpt>
      <trkpt lat="41.38643472455442" lon="-82.99172312021255">
        <ele>181.16</ele>
      </trkpt>
      <trkpt lat="41.3864288572222" lon="-82.99211581237614">
        <ele>181.18</ele>
      </trkpt>
      <trkpt lat="41.38642298988998" lon="-82.99249593168497">
        <ele>181.21</ele>
      </trkpt>
      <trkpt lat="41.38642793521285" lon="-82.99257799051702">
        <ele>181.22</ele>
      </trkpt>
      <trkpt lat="41.38644796796143" lon="-82.99267496913671">
        <ele>181.22</ele>
      </trkpt>
      <trkpt lat="41.38656229712069" lon="-82.9930420126766">
        <ele>181.27</ele>
      </trkpt>
      <trkpt lat="41.38667671009898" lon="-82.99340897239745">
        <ele>181.29</ele>
      </trkpt>
      <trkpt lat="41.38679103925824" lon="-82.99377601593733">
        <ele>181.3</ele>
      </trkpt>
      <trkpt lat="41.3869053684175" lon="-82.99414305947721">
        <ele>181.31</ele>
      </trkpt>
      <trkpt lat="41.38701978139579" lon="-82.99451001919806">
        <ele>181.31</ele>
      </trkpt>
      <trkpt lat="41.38713411055505" lon="-82.99487706273794">
        <ele>181.31</ele>
      </trkpt>
      <trkpt lat="41.38724843971431" lon="-82.99524410627782">
        <ele>181.3</ele>
      </trkpt>
      <trkpt lat="41.387362852692604" lon="-82.99561106599867">
        <ele>181.28</ele>
      </trkpt>
      <trkpt lat="41.387477181851864" lon="-82.99597810953856">
        <ele>181.26</ele>
      </trkpt>
      <trkpt lat="41.387591511011124" lon="-82.99634515307844">
        <ele>181.24</ele>
      </trkpt>
      <trkpt lat="41.387705923989415" lon="-82.99671211279929">
        <ele>181.2</ele>
      </trkpt>
      <trkpt lat="41.387820253148675" lon="-82.99707915633917">
        <ele>181.16</ele>
      </trkpt>
      <trkpt lat="41.38793198391795" lon="-82.99743798561394">
        <ele>181.11</ele>
      </trkpt>
      <trkpt lat="41.38804782181978" lon="-82.9978065378964">
        <ele>181.05</ele>
      </trkpt>
      <trkpt lat="41.38816357590258" lon="-82.99817509017885">
        <ele>180.98</ele>
      </trkpt>
      <trkpt lat="41.38827941380441" lon="-82.9985436424613">
        <ele>180.9</ele>
      </trkpt>
      <trkpt lat="41.38839525170624" lon="-82.99891219474375">
        <ele>180.82</ele>
      </trkpt>
      <trkpt lat="41.38851108960807" lon="-82.9992807470262">
        <ele>180.72</ele>
      </trkpt>
      <trkpt lat="41.388626927509904" lon="-82.99964929930866">
        <ele>180.62</ele>
      </trkpt>
      <trkpt lat="41.3887426815927" lon="-83.00001785159111">
        <ele>180.5</ele>
      </trkpt>
      <trkpt lat="41.38885851949453" lon="-83.00038640387356">
        <ele>180.35</ele>
      </trkpt>
      <trkpt lat="41.388974357396364" lon="-83.00075495615602">
        <ele>180.22</ele>
      </trkpt>
      <trkpt lat="41.389090195298195" lon="-83.00112350843847">
        <ele>180.09</ele>
      </trkpt>
      <trkpt lat="41.389206033200026" lon="-83.00149206072092">
        <ele>179.94</ele>
      </trkpt>
      <trkpt lat="41.389321787282825" lon="-83.00186061300337">
        <ele>179.82</ele>
      </trkpt>
      <trkpt lat="41.38943494297564" lon="-83.00222095102072">
        <ele>179.69</ele>
      </trkpt>
      <trkpt lat="41.38953812420368" lon="-83.00254985690117">
        <ele>179.53</ele>
      </trkpt>
      <trkpt lat="41.389641305431724" lon="-83.00287876278162">
        <ele>179.36</ele>
      </trkpt>
      <trkpt lat="41.389744486659765" lon="-83.00320766866207">
        <ele>179.22</ele>
      </trkpt>
      <trkpt lat="41.38984766788781" lon="-83.00353657454252">
        <ele>179.08</ele>
      </trkpt>
      <trkpt lat="41.38995084911585" lon="-83.00386548042297">
        <ele>178.95</ele>
      </trkpt>
      <trkpt lat="41.39005294069648" lon="-83.00419094972312">
        <ele>178.82</ele>
      </trkpt>
      <trkpt lat="41.390164755284786" lon="-83.00454726442695">
        <ele>178.69</ele>
      </trkpt>
      <trkpt lat="41.39027648605406" lon="-83.00490349531174">
        <ele>178.57</ele>
      </trkpt>
      <trkpt lat="41.39038830064237" lon="-83.00525981001556">
        <ele>178.45</ele>
      </trkpt>
      <trkpt lat="41.39050011523068" lon="-83.00561604090035">
        <ele>178.33</ele>
      </trkpt>
      <trkpt lat="41.390611845999956" lon="-83.00597235560417">
        <ele>178.18</ele>
      </trkpt>
      <trkpt lat="41.390723660588264" lon="-83.00632858648896">
        <ele>178.07</ele>
      </trkpt>
      <trkpt lat="41.39083547517657" lon="-83.00668490119278">
        <ele>177.98</ele>
      </trkpt>
      <trkpt lat="41.39094720594585" lon="-83.0070412158966">
        <ele>177.9</ele>
      </trkpt>
      <trkpt lat="41.39105902053416" lon="-83.0073974467814">
        <ele>177.83</ele>
      </trkpt>
      <trkpt lat="41.391170751303434" lon="-83.00775376148522">
        <ele>177.76</ele>
      </trkpt>
      <trkpt lat="41.39128256589174" lon="-83.00810999237001">
        <ele>177.71</ele>
      </trkpt>
      <trkpt lat="41.39139194972813" lon="-83.00845893099904">
        <ele>177.67</ele>
      </trkpt>
      <trkpt lat="41.39149513095617" lon="-83.00878783687949">
        <ele>177.64</ele>
      </trkpt>
      <trkpt lat="41.391598312184215" lon="-83.00911674275994">
        <ele>177.58</ele>
      </trkpt>
      <trkpt lat="41.391700990498066" lon="-83.00944397225976">
        <ele>177.52</ele>
      </trkpt>
      <trkpt lat="41.39179612509906" lon="-83.00975686870515">
        <ele>177.57</ele>
      </trkpt>
      <trkpt lat="41.39189125970006" lon="-83.01006976515055">
        <ele>177.63</ele>
      </trkpt>
      <trkpt lat="41.3919859752059" lon="-83.0103809852153">
        <ele>177.65</ele>
      </trkpt>
      <trkpt lat="41.392068369314075" lon="-83.010692037642">
        <ele>177.68</ele>
      </trkpt>
      <trkpt lat="41.39215076342225" lon="-83.0110030900687">
        <ele>177.72</ele>
      </trkpt>
      <trkpt lat="41.39223315753043" lon="-83.01131422631443">
        <ele>177.77</ele>
      </trkpt>
      <trkpt lat="41.39231496490538" lon="-83.01162293180823">
        <ele>177.82</ele>
      </trkpt>
      <trkpt lat="41.39237296767533" lon="-83.01186793483794">
        <ele>177.88</ele>
      </trkpt>
      <trkpt lat="41.39206577092409" lon="-83.01187480799854">
        <ele>177.94</ele>
      </trkpt>
      <trkpt lat="41.391758657991886" lon="-83.01188168115914">
        <ele>178.0</ele>
      </trkpt>
      <trkpt lat="41.39145146124065" lon="-83.01188855431974">
        <ele>178.06</ele>
      </trkpt>
      <trkpt lat="41.39114426448941" lon="-83.01189542748034">
        <ele>178.13</ele>
      </trkpt>
      <trkpt lat="41.39083715155721" lon="-83.01190230064094">
        <ele>178.2</ele>
      </trkpt>
      <trkpt lat="41.39052995480597" lon="-83.01190917380154">
        <ele>178.31</ele>
      </trkpt>
      <trkpt lat="41.39022275805473" lon="-83.01191604696214">
        <ele>178.37</ele>
      </trkpt>
      <trkpt lat="41.38991195708513" lon="-83.01192292012274">
        <ele>178.43</ele>
      </trkpt>
      <trkpt lat="41.38961724936962" lon="-83.01193088293076">
        <ele>178.49</ele>
      </trkpt>
      <trkpt lat="41.38932254165411" lon="-83.01193876191974">
        <ele>178.53</ele>
      </trkpt>
      <trkpt lat="41.3890278339386" lon="-83.01194672472775">
        <ele>178.57</ele>
      </trkpt>
      <trkpt lat="41.38873321004212" lon="-83.01195468753576">
        <ele>178.61</ele>
      </trkpt>
      <trkpt lat="41.38843850232661" lon="-83.01196256652474">
        <ele>178.64</ele>
      </trkpt>
      <trkpt lat="41.388143794611096" lon="-83.01197052933276">
        <ele>178.66</ele>
      </trkpt>
      <trkpt lat="41.387849086895585" lon="-83.01197840832174">
        <ele>178.68</ele>
      </trkpt>
      <trkpt lat="41.387554379180074" lon="-83.01198637112975">
        <ele>178.69</ele>
      </trkpt>
      <trkpt lat="41.38725967146456" lon="-83.01199425011873">
        <ele>178.7</ele>
      </trkpt>
      <trkpt lat="41.38696496374905" lon="-83.01200221292675">
        <ele>178.7</ele>
      </trkpt>
      <trkpt lat="41.38667033985257" lon="-83.01201009191573">
        <ele>178.7</ele>
      </trkpt>
      <trkpt lat="41.38637563213706" lon="-83.01201805472374">
        <ele>178.68</ele>
      </trkpt>
      <trkpt lat="41.38608092442155" lon="-83.01202593371272">
        <ele>178.67</ele>
      </trkpt>
      <trkpt lat="41.38578621670604" lon="-83.01203389652073">
        <ele>178.66</ele>
      </trkpt>
      <trkpt lat="41.38548497110605" lon="-83.01204194314778">
        <ele>178.65</ele>
      </trkpt>
      <trkpt lat="41.38524734415114" lon="-83.01203431561589">
        <ele>178.62</ele>
      </trkpt>
      <trkpt lat="41.385009633377194" lon="-83.012026688084">
        <ele>178.59</ele>
      </trkpt>
      <trkpt lat="41.38477091677487" lon="-83.01201897673309">
        <ele>178.6</ele>
      </trkpt>
      <trkpt lat="41.38462498784065" lon="-83.01201897673309">
        <ele>178.61</ele>
      </trkpt>
      <trkpt lat="41.38442692346871" lon="-83.01202593371272">
        <ele>178.66</ele>
      </trkpt>
      <trkpt lat="41.3841219060123" lon="-83.01203054375947">
        <ele>178.71</ele>
      </trkpt>
      <trkpt lat="41.383816888555884" lon="-83.01203515380621">
        <ele>178.75</ele>
      </trkpt>
      <trkpt lat="41.38351178728044" lon="-83.01203984767199">
        <ele>178.74</ele>
      </trkpt>
      <trkpt lat="41.38320676982403" lon="-83.01204445771873">
        <ele>178.76</ele>
      </trkpt>
      <trkpt lat="41.382901752367616" lon="-83.01204906776547">
        <ele>178.86</ele>
      </trkpt>
      <trkpt lat="41.38259665109217" lon="-83.01205367781222">
        <ele>178.93</ele>
      </trkpt>
      <trkpt lat="41.38229163363576" lon="-83.01205828785896">
        <ele>179.02</ele>
      </trkpt>
      <trkpt lat="41.38198292814195" lon="-83.01206298172474">
        <ele>179.12</ele>
      </trkpt>
      <trkpt lat="41.3817333150655" lon="-83.01206591539085">
        <ele>179.27</ele>
      </trkpt>
      <trkpt lat="41.38148294761777" lon="-83.01206893287599">
        <ele>179.4</ele>
      </trkpt>
      <trkpt lat="41.38118572533131" lon="-83.01207236945629">
        <ele>179.53</ele>
      </trkpt>
      <trkpt lat="41.380888503044844" lon="-83.01207580603659">
        <ele>179.7</ele>
      </trkpt>
      <trkpt lat="41.38059128075838" lon="-83.01207924261689">
        <ele>179.77</ele>
      </trkpt>
      <trkpt lat="41.38029405847192" lon="-83.01208267919719">
        <ele>179.84</ele>
      </trkpt>
      <trkpt lat="41.379996836185455" lon="-83.01208611577749">
        <ele>179.96</ele>
      </trkpt>
      <trkpt lat="41.37969961389899" lon="-83.01208963617682">
        <ele>180.06</ele>
      </trkpt>
      <trkpt lat="41.37940239161253" lon="-83.01209307275712">
        <ele>180.15</ele>
      </trkpt>
      <trkpt lat="41.37910516932607" lon="-83.01209650933743">
        <ele>180.24</ele>
      </trkpt>
      <trkpt lat="41.37880392372608" lon="-83.01209994591773">
        <ele>180.32</ele>
      </trkpt>
      <trkpt lat="41.37879696674645" lon="-83.0124878603965">
        <ele>180.44</ele>
      </trkpt>
      <trkpt lat="41.378789925947785" lon="-83.01287393085659">
        <ele>180.5</ele>
      </trkpt>
      <trkpt lat="41.378782633692026" lon="-83.01327215507627">
        <ele>180.55</ele>
      </trkpt>
      <trkpt lat="41.37877534143627" lon="-83.01367037929595">
        <ele>180.59</ele>
      </trkpt>
      <trkpt lat="41.37876804918051" lon="-83.01406860351562">
        <ele>180.61</ele>
      </trkpt>
      <trkpt lat="41.37876075692475" lon="-83.0144668277353">
        <ele>180.68</ele>
      </trkpt>
      <trkpt lat="41.37875338084996" lon="-83.01486505195498">
        <ele>180.68</ele>
      </trkpt>
      <trkpt lat="41.3787460885942" lon="-83.01526327617466">
        <ele>180.67</ele>
      </trkpt>
      <trkpt lat="41.37873879633844" lon="-83.01566150039434">
        <ele>180.65</ele>
      </trkpt>
      <trkpt lat="41.37873150408268" lon="-83.01605964079499">
        <ele>180.57</ele>
      </trkpt>
      <trkpt lat="41.37872412800789" lon="-83.01645786501467">
        <ele>180.52</ele>
      </trkpt>
      <trkpt lat="41.37871691957116" lon="-83.0168469529599">
        <ele>180.48</ele>
      </trkpt>
      <trkpt lat="41.37871046550572" lon="-83.01721282303333">
        <ele>180.39</ele>
      </trkpt>
      <trkpt lat="41.378703927621245" lon="-83.0175769329071">
        <ele>180.23</ele>
      </trkpt>
      <trkpt lat="41.378700993955135" lon="-83.01773292012513">
        <ele>180.19</ele>
      </trkpt>
      <trkpt lat="41.37869345024228" lon="-83.01814212463796">
        <ele>180.21</ele>
      </trkpt>
      <trkpt lat="41.37868590652943" lon="-83.01855124533176">
        <ele>180.21</ele>
      </trkpt>
      <trkpt lat="41.378678446635604" lon="-83.01896036602557">
        <ele>180.21</ele>
      </trkpt>
      <trkpt lat="41.37867090292275" lon="-83.01936948671937">
        <ele>180.18</ele>
      </trkpt>
      <trkpt lat="41.37866344302893" lon="-83.0197786912322">
        <ele>180.19</ele>
      </trkpt>
      <trkpt lat="41.37865589931607" lon="-83.02018781192601">
        <ele>180.21</ele>
      </trkpt>
      <trkpt lat="41.37864835560322" lon="-83.02059693261981">
        <ele>180.25</ele>
      </trkpt>
      <trkpt lat="41.378640895709395" lon="-83.02100605331361">
        <ele>180.31</ele>
      </trkpt>
      <trkpt lat="41.37863335199654" lon="-83.02141525782645">
        <ele>180.37</ele>
      </trkpt>
      <trkpt lat="41.37862597592175" lon="-83.0218149907887">
        <ele>180.42</ele>
      </trkpt>
      <trkpt lat="41.378616923466325" lon="-83.02217801101506">
        <ele>180.47</ele>
      </trkpt>
      <trkpt lat="41.37860795482993" lon="-83.02254103124142">
        <ele>180.51</ele>
      </trkpt>
      <trkpt lat="41.378598902374506" lon="-83.02290405146778">
        <ele>180.55</ele>
      </trkpt>
      <trkpt lat="41.37858984991908" lon="-83.02326707169414">
        <ele>180.6</ele>
      </trkpt>
      <trkpt lat="41.37858096510172" lon="-83.02362598478794">
        <ele>180.65</ele>
      </trkpt>
      <trkpt lat="41.37857216410339" lon="-83.02398917265236">
        <ele>180.74</ele>
      </trkpt>
      <trkpt lat="41.37856336310506" lon="-83.02435244433582">
        <ele>180.78</ele>
      </trkpt>
      <trkpt lat="41.3785544782877" lon="-83.02471563220024">
        <ele>180.82</ele>
      </trkpt>
      <trkpt lat="41.37854567728937" lon="-83.0250789038837">
        <ele>180.86</ele>
      </trkpt>
      <trkpt lat="41.37853696011007" lon="-83.02543798461556">
        <ele>180.89</ele>
      </trkpt>
      <trkpt lat="41.37852790765464" lon="-83.02580108866096">
        <ele>180.88</ele>
      </trkpt>
      <trkpt lat="41.37851893901825" lon="-83.02616427652538">
        <ele>180.9</ele>
      </trkpt>
      <trkpt lat="41.378509970381856" lon="-83.02652494981885">
        <ele>180.88</ele>
      </trkpt>
      <trkpt lat="41.37848138809204" lon="-83.026855699718">
        <ele>180.92</ele>
      </trkpt>
      <trkpt lat="41.378452805802226" lon="-83.02718644961715">
        <ele>180.97</ele>
      </trkpt>
      <trkpt lat="41.37842430733144" lon="-83.0275171995163">
        <ele>181.01</ele>
      </trkpt>
      <trkpt lat="41.37839597649872" lon="-83.0278449319303">
        <ele>181.07</ele>
      </trkpt>
      <trkpt lat="41.378383906558156" lon="-83.02825438790023">
        <ele>181.12</ele>
      </trkpt>
      <trkpt lat="41.37837192043662" lon="-83.02866199985147">
        <ele>181.18</ele>
      </trkpt>
      <trkpt lat="41.37836295180023" lon="-83.02900498732924">
        <ele>181.23</ele>
      </trkpt>
      <trkpt lat="41.37835708446801" lon="-83.02935861982405">
        <ele>181.37</ele>
      </trkpt>
      <trkpt lat="41.37835130095482" lon="-83.02971225231886">
        <ele>181.46</ele>
      </trkpt>
      <trkpt lat="41.3783454336226" lon="-83.03006588481367">
        <ele>181.58</ele>
      </trkpt>
      <trkpt lat="41.37833956629038" lon="-83.03041951730847">
        <ele>181.66</ele>
      </trkpt>
      <trkpt lat="41.37833369895816" lon="-83.03077314980328">
        <ele>181.7</ele>
      </trkpt>
      <trkpt lat="41.378327999264" lon="-83.03112192079425">
        <ele>181.8</ele>
      </trkpt>
      <trkpt lat="41.378362365067005" lon="-83.03146507591009">
        <ele>181.85</ele>
      </trkpt>
      <trkpt lat="41.37839681468904" lon="-83.0318081472069">
        <ele>181.92</ele>
      </trkpt>
      <trkpt lat="41.37843092903495" lon="-83.03214895538986">
        <ele>181.95</ele>
      </trkpt>
      <trkpt lat="41.378423972055316" lon="-83.03250778466463">
        <ele>181.95</ele>
      </trkpt>
      <trkpt lat="41.37841693125665" lon="-83.03286493755877">
        <ele>181.92</ele>
      </trkpt>
      <trkpt lat="41.37840997427702" lon="-83.03322376683354">
        <ele>181.86</ele>
      </trkpt>
      <trkpt lat="41.378402933478355" lon="-83.03358091972768">
        <ele>181.85</ele>
      </trkpt>
      <trkpt lat="41.37839614413679" lon="-83.03393974900246">
        <ele>181.85</ele>
      </trkpt>
      <trkpt lat="41.37838935479522" lon="-83.03429857827723">
        <ele>181.86</ele>
      </trkpt>
      <trkpt lat="41.37838248163462" lon="-83.034657407552">
        <ele>181.9</ele>
      </trkpt>
      <trkpt lat="41.37837569229305" lon="-83.03501623682678">
        <ele>181.98</ele>
      </trkpt>
      <trkpt lat="41.37836898677051" lon="-83.035370958969">
        <ele>181.99</ele>
      </trkpt>
      <trkpt lat="41.37836194597185" lon="-83.03572953678668">
        <ele>181.98</ele>
      </trkpt>
      <trkpt lat="41.37835490517318" lon="-83.03608811460435">
        <ele>181.98</ele>
      </trkpt>
      <trkpt lat="41.37834794819355" lon="-83.03644669242203">
        <ele>182.04</ele>
      </trkpt>
      <trkpt lat="41.37834099121392" lon="-83.03680191747844">
        <ele>182.13</ele>
      </trkpt>
      <trkpt lat="41.37833411805332" lon="-83.03716074675322">
        <ele>182.2</ele>
      </trkpt>
      <trkpt lat="41.37832732871175" lon="-83.03751957602799">
        <ele>182.27</ele>
      </trkpt>
      <trkpt lat="41.37832053937018" lon="-83.03787840530276">
        <ele>182.37</ele>
      </trkpt>
      <trkpt lat="41.37831366620958" lon="-83.03823723457754">
        <ele>182.45</ele>
      </trkpt>
      <trkpt lat="41.37830696068704" lon="-83.03859195671976">
        <ele>182.54</ele>
      </trkpt>
      <trkpt lat="41.378300758078694" lon="-83.03898179903626">
        <ele>182.65</ele>
      </trkpt>
      <trkpt lat="41.37829463928938" lon="-83.03937155753374">
        <ele>182.8</ele>
      </trkpt>
      <trkpt lat="41.37828843668103" lon="-83.03976139985025">
        <ele>182.93</ele>
      </trkpt>
      <trkpt lat="41.378282234072685" lon="-83.04015124216676">
        <ele>183.05</ele>
      </trkpt>
      <trkpt lat="41.37827611528337" lon="-83.04054100066423">
        <ele>183.19</ele>
      </trkpt>
      <trkpt lat="41.37826991267502" lon="-83.04093084298074">
        <ele>183.33</ele>
      </trkpt>
      <trkpt lat="41.378263710066676" lon="-83.04132068529725">
        <ele>183.47</ele>
      </trkpt>
      <trkpt lat="41.37825759127736" lon="-83.04171044379473">
        <ele>183.67</ele>
      </trkpt>
      <trkpt lat="41.378251388669014" lon="-83.04210028611124">
        <ele>183.82</ele>
      </trkpt>
      <trkpt lat="41.37824518606067" lon="-83.04249004460871">
        <ele>183.97</ele>
      </trkpt>
      <trkpt lat="41.37823906727135" lon="-83.04287988692522">
        <ele>184.13</ele>
      </trkpt>
      <trkpt lat="41.37823294848204" lon="-83.04325891658664">
        <ele>184.33</ele>
      </trkpt>
      <trkpt lat="41.37822691351175" lon="-83.04360123351216">
        <ele>184.47</ele>
      </trkpt>
      <trkpt lat="41.3782209623605" lon="-83.04394195787609">
        <ele>184.61</ele>
      </trkpt>
      <trkpt lat="41.37821325100958" lon="-83.04435518570244">
        <ele>184.74</ele>
      </trkpt>
      <trkpt lat="41.3782056234777" lon="-83.0447684135288">
        <ele>184.87</ele>
      </trkpt>
      <trkpt lat="41.37819791212678" lon="-83.04518164135516">
        <ele>185.0</ele>
      </trkpt>
      <trkpt lat="41.37819020077586" lon="-83.04559486918151">
        <ele>185.11</ele>
      </trkpt>
      <trkpt lat="41.378182573243976" lon="-83.04600809700787">
        <ele>185.28</ele>
      </trkpt>
      <trkpt lat="41.37817486189306" lon="-83.04642132483423">
        <ele>185.39</ele>
      </trkpt>
      <trkpt lat="41.37816723436117" lon="-83.04683455266058">
        <ele>185.48</ele>
      </trkpt>
      <trkpt lat="41.378159523010254" lon="-83.04724778048694">
        <ele>185.55</ele>
      </trkpt>
      <trkpt lat="41.378151811659336" lon="-83.0476610083133">
        <ele>185.6</ele>
      </trkpt>
      <trkpt lat="41.37814418412745" lon="-83.04807423613966">
        <ele>185.68</ele>
      </trkpt>
      <trkpt lat="41.37813647277653" lon="-83.04848746396601">
        <ele>185.76</ele>
      </trkpt>
      <trkpt lat="41.378128761425614" lon="-83.04890069179237">
        <ele>185.83</ele>
      </trkpt>
      <trkpt lat="41.37812113389373" lon="-83.04931391961873">
        <ele>185.9</ele>
      </trkpt>
      <trkpt lat="41.37811342254281" lon="-83.04972714744508">
        <ele>185.94</ele>
      </trkpt>
      <trkpt lat="41.378105795010924" lon="-83.05014037527144">
        <ele>186.0</ele>
      </trkpt>
      <trkpt lat="41.37809808366001" lon="-83.05055368691683">
        <ele>186.08</ele>
      </trkpt>
      <trkpt lat="41.37809037230909" lon="-83.05096691474319">
        <ele>186.13</ele>
      </trkpt>
      <trkpt lat="41.3780827447772" lon="-83.05138014256954">
        <ele>186.19</ele>
      </trkpt>
      <trkpt lat="41.378075033426285" lon="-83.0517933703959">
        <ele>186.27</ele>
      </trkpt>
      <trkpt lat="41.37806732207537" lon="-83.05220659822226">
        <ele>186.31</ele>
      </trkpt>
      <trkpt lat="41.37805969454348" lon="-83.05261982604861">
        <ele>186.33</ele>
      </trkpt>
      <trkpt lat="41.37805198319256" lon="-83.05303305387497">
        <ele>186.35</ele>
      </trkpt>
      <trkpt lat="41.37804435566068" lon="-83.05344628170133">
        <ele>186.35</ele>
      </trkpt>
      <trkpt lat="41.37803664430976" lon="-83.05385950952768">
        <ele>186.35</ele>
      </trkpt>
      <trkpt lat="41.37802893295884" lon="-83.05424893274903">
        <ele>186.33</ele>
      </trkpt>
      <trkpt lat="41.37772005982697" lon="-83.05423594079912">
        <ele>186.29</ele>
      </trkpt>
      <trkpt lat="41.3774111866951" lon="-83.05422303266823">
        <ele>186.25</ele>
      </trkpt>
      <trkpt lat="41.37710097245872" lon="-83.05420995689929">
        <ele>186.19</ele>
      </trkpt>
      <trkpt lat="41.3768361043185" lon="-83.05420425720513">
        <ele>186.11</ele>
      </trkpt>
      <trkpt lat="41.37657123617828" lon="-83.05419847369194">
        <ele>186.02</ele>
      </trkpt>
      <trkpt lat="41.37630636803806" lon="-83.05419277399778">
        <ele>185.92</ele>
      </trkpt>
      <trkpt lat="41.37603999115527" lon="-83.0541869904846">
        <ele>185.8</ele>
      </trkpt>
      <trkpt lat="41.37574888765812" lon="-83.05418078787625">
        <ele>185.66</ele>
      </trkpt>
      <trkpt lat="41.37545778416097" lon="-83.0541745852679">
        <ele>185.52</ele>
      </trkpt>
      <trkpt lat="41.375166764482856" lon="-83.05416838265955">
        <ele>185.35</ele>
      </trkpt>
      <trkpt lat="41.37487566098571" lon="-83.05416218005121">
        <ele>185.18</ele>
      </trkpt>
      <trkpt lat="41.37458464130759" lon="-83.05415597744286">
        <ele>184.98</ele>
      </trkpt>
      <trkpt lat="41.374293537810445" lon="-83.05414977483451">
        <ele>184.74</ele>
      </trkpt>
      <trkpt lat="41.37400251813233" lon="-83.0541436560452">
        <ele>184.51</ele>
      </trkpt>
      <trkpt lat="41.37371141463518" lon="-83.05413745343685">
        <ele>184.29</ele>
      </trkpt>
      <trkpt lat="41.373420311138034" lon="-83.0541312508285">
        <ele>184.1</ele>
      </trkpt>
      <trkpt lat="41.37312493287027" lon="-83.05412496440113">
        <ele>183.86</ele>
      </trkpt>
      <trkpt lat="41.3729487452656" lon="-83.05411348119378">
        <ele>183.64</ele>
      </trkpt>
      <trkpt lat="41.372771970927715" lon="-83.05410199798644">
        <ele>183.43</ele>
      </trkpt>
      <trkpt lat="41.37251665815711" lon="-83.05407928302884">
        <ele>183.19</ele>
      </trkpt>
      <trkpt lat="41.372261345386505" lon="-83.05405665189028">
        <ele>182.99</ele>
      </trkpt>
      <trkpt lat="41.37200494296849" lon="-83.05403393693268">
        <ele>182.81</ele>
      </trkpt>
      <trkpt lat="41.37177427299321" lon="-83.05400652810931">
        <ele>182.64</ele>
      </trkpt>
      <trkpt lat="41.37154293246567" lon="-83.05397895164788">
        <ele>182.5</ele>
      </trkpt>
      <trkpt lat="41.371394991874695" lon="-83.05391994304955">
        <ele>182.37</ele>
      </trkpt>
      <trkpt lat="41.37125593610108" lon="-83.05382992140949">
        <ele>182.23</ele>
      </trkpt>
      <trkpt lat="41.37114998884499" lon="-83.05373596027493">
        <ele>182.1</ele>
      </trkpt>
      <trkpt lat="41.3710339833051" lon="-83.05360495112836">
        <ele>182.01</ele>
      </trkpt>
      <trkpt lat="41.370965922251344" lon="-83.05350797250867">
        <ele>182.0</ele>
      </trkpt>
      <trkpt lat="41.37084597721696" lon="-83.05329096503556">
        <ele>182.01</ele>
      </trkpt>
      <trkpt lat="41.37080398388207" lon="-83.05309994146228">
        <ele>182.07</ele>
      </trkpt>
      <trkpt lat="41.37079895474017" lon="-83.0530349817127">
        <ele>182.11</ele>
      </trkpt>
      <trkpt lat="41.37080733664334" lon="-83.05267045274377">
        <ele>182.15</ele>
      </trkpt>
      <trkpt lat="41.37081563472748" lon="-83.05230592377484">
        <ele>182.17</ele>
      </trkpt>
      <trkpt lat="41.37082401663065" lon="-83.05194147862494">
        <ele>182.28</ele>
      </trkpt>
      <trkpt lat="41.37083239853382" lon="-83.05157694965601">
        <ele>182.43</ele>
      </trkpt>
      <trkpt lat="41.37084069661796" lon="-83.05121242068708">
        <ele>182.66</ele>
      </trkpt>
      <trkpt lat="41.3708489947021" lon="-83.05085292086005">
        <ele>182.87</ele>
      </trkpt>
      <trkpt lat="41.370557555928826" lon="-83.05085007101297">
        <ele>183.07</ele>
      </trkpt>
      <trkpt lat="41.37026611715555" lon="-83.0508472211659">
        <ele>183.28</ele>
      </trkpt>
      <trkpt lat="41.36997467838228" lon="-83.05084437131882">
        <ele>183.55</ele>
      </trkpt>
      <trkpt lat="41.369683239609" lon="-83.05084152147174">
        <ele>183.79</ele>
      </trkpt>
      <trkpt lat="41.36939180083573" lon="-83.05083867162466">
        <ele>184.07</ele>
      </trkpt>
      <trkpt lat="41.369100445881486" lon="-83.05083582177758">
        <ele>184.36</ele>
      </trkpt>
      <trkpt lat="41.36880598962307" lon="-83.0508329719305">
        <ele>184.59</ele>
      </trkpt>
      <trkpt lat="41.368499882519245" lon="-83.05083012208343">
        <ele>184.81</ele>
      </trkpt>
      <trkpt lat="41.36819377541542" lon="-83.05082735605538">
        <ele>185.02</ele>
      </trkpt>
      <trkpt lat="41.36788775213063" lon="-83.0508245062083">
        <ele>185.22</ele>
      </trkpt>
      <trkpt lat="41.3675816450268" lon="-83.05082165636122">
        <ele>185.41</ele>
      </trkpt>
      <trkpt lat="41.36727562174201" lon="-83.05081889033318">
        <ele>185.59</ele>
      </trkpt>
      <trkpt lat="41.366969514638186" lon="-83.0508160404861">
        <ele>185.76</ele>
      </trkpt>
      <trkpt lat="41.36666340753436" lon="-83.05081319063902">
        <ele>185.91</ele>
      </trkpt>
      <trkpt lat="41.36635738424957" lon="-83.05081042461097">
        <ele>186.04</ele>
      </trkpt>
      <trkpt lat="41.36605127714574" lon="-83.0508075747639">
        <ele>186.16</ele>
      </trkpt>
      <trkpt lat="41.36574525386095" lon="-83.05080472491682">
        <ele>186.27</ele>
      </trkpt>
      <trkpt lat="41.365439146757126" lon="-83.05080195888877">
        <ele>186.36</ele>
      </trkpt>
      <trkpt lat="41.3651330396533" lon="-83.05079910904169">
        <ele>186.43</ele>
      </trkpt>
      <trkpt lat="41.36482701636851" lon="-83.05079634301364">
        <ele>186.5</ele>
      </trkpt>
      <trkpt lat="41.364520909264684" lon="-83.05079349316657">
        <ele>186.55</ele>
      </trkpt>
      <trkpt lat="41.36421488597989" lon="-83.05079064331949">
        <ele>186.58</ele>
      </trkpt>
      <trkpt lat="41.363908778876066" lon="-83.05078787729144">
        <ele>186.61</ele>
      </trkpt>
      <trkpt lat="41.363594960421324" lon="-83.05078494362533">
        <ele>186.62</ele>
      </trkpt>
      <trkpt lat="41.36330008506775" lon="-83.05078435689211">
        <ele>186.62</ele>
      </trkpt>
      <trkpt lat="41.363005209714174" lon="-83.05078377015889">
        <ele>186.61</ele>
      </trkpt>
      <trkpt lat="41.3627103343606" lon="-83.05078309960663">
        <ele>186.59</ele>
      </trkpt>
      <trkpt lat="41.362415459007025" lon="-83.05078251287341">
        <ele>186.56</ele>
      </trkpt>
      <trkpt lat="41.36212058365345" lon="-83.05078192614019">
        <ele>186.53</ele>
      </trkpt>
      <trkpt lat="41.361825708299875" lon="-83.05078125558794">
        <ele>186.48</ele>
      </trkpt>
      <trkpt lat="41.36153091676533" lon="-83.05078066885471">
        <ele>186.42</ele>
      </trkpt>
      <trkpt lat="41.36123604141176" lon="-83.05078008212149">
        <ele>186.36</ele>
      </trkpt>
      <trkpt lat="41.36094116605818" lon="-83.05077941156924">
        <ele>186.29</ele>
      </trkpt>
      <trkpt lat="41.36064629070461" lon="-83.05077882483602">
        <ele>186.21</ele>
      </trkpt>
      <trkpt lat="41.36035141535103" lon="-83.0507782381028">
        <ele>186.16</ele>
      </trkpt>
      <trkpt lat="41.36005653999746" lon="-83.05077756755054">
        <ele>186.1</ele>
      </trkpt>
      <trkpt lat="41.35975596494973" lon="-83.05077698081732">
        <ele>186.0</ele>
      </trkpt>
      <trkpt lat="41.359733920544386" lon="-83.05108593776822">
        <ele>185.91</ele>
      </trkpt>
      <trkpt lat="41.35972696356475" lon="-83.05136798880994">
        <ele>185.76</ele>
      </trkpt>
      <trkpt lat="41.35973995551467" lon="-83.05173897184432">
        <ele>185.6</ele>
      </trkpt>
      <trkpt lat="41.35975303128362" lon="-83.05208254605532">
        <ele>185.45</ele>
      </trkpt>
      <trkpt lat="41.35976602323353" lon="-83.05242612026632">
        <ele>185.37</ele>
      </trkpt>
      <trkpt lat="41.35977901518345" lon="-83.05276969447732">
        <ele>185.32</ele>
      </trkpt>
      <trkpt lat="41.359792090952396" lon="-83.05311326868832">
        <ele>185.23</ele>
      </trkpt>
      <trkpt lat="41.35980499908328" lon="-83.05345298722386">
        <ele>185.17</ele>
      </trkpt>
      <trkpt lat="41.35982394218445" lon="-83.05383696220815">
        <ele>185.09</ele>
      </trkpt>
      <trkpt lat="41.35984850116074" lon="-83.05419981479645">
        <ele>184.98</ele>
      </trkpt>
      <trkpt lat="41.35987306013703" lon="-83.05456258356571">
        <ele>184.86</ele>
      </trkpt>
      <trkpt lat="41.359897619113326" lon="-83.05492543615401">
        <ele>184.83</ele>
      </trkpt>
      <trkpt lat="41.35992192663252" lon="-83.05528493598104">
        <ele>184.71</ele>
      </trkpt>
      <trkpt lat="41.35992896743119" lon="-83.05556296370924">
        <ele>184.62</ele>
      </trkpt>
      <trkpt lat="41.3599369302392" lon="-83.05578491650522">
        <ele>184.64</ele>
      </trkpt>
      <trkpt lat="41.35993399657309" lon="-83.05596495978534">
        <ele>184.7</ele>
      </trkpt>
      <trkpt lat="41.35991698130965" lon="-83.05623594671488">
        <ele>184.81</ele>
      </trkpt>
      <trkpt lat="41.35988789610565" lon="-83.05645991116762">
        <ele>184.86</ele>
      </trkpt>
      <trkpt lat="41.359858978539705" lon="-83.05668295361102">
        <ele>184.89</ele>
      </trkpt>
      <trkpt lat="41.35980634018779" lon="-83.05689786560833">
        <ele>184.91</ele>
      </trkpt>
      <trkpt lat="41.359753953292966" lon="-83.05711193941534">
        <ele>184.97</ele>
      </trkpt>
      <trkpt lat="41.359691340476274" lon="-83.05732182227075">
        <ele>185.02</ele>
      </trkpt>
      <trkpt lat="41.35962897911668" lon="-83.05753095075488">
        <ele>185.06</ele>
      </trkpt>
      <trkpt lat="41.35952143929899" lon="-83.05783881805837">
        <ele>185.08</ele>
      </trkpt>
      <trkpt lat="41.35941398330033" lon="-83.05814660154283">
        <ele>185.15</ele>
      </trkpt>
      <trkpt lat="41.35930694639683" lon="-83.05845296010375">
        <ele>185.21</ele>
      </trkpt>
      <trkpt lat="41.35921080596745" lon="-83.05875177495182">
        <ele>185.28</ele>
      </trkpt>
      <trkpt lat="41.35911466553807" lon="-83.05905067361891">
        <ele>185.35</ele>
      </trkpt>
      <trkpt lat="41.359018944203854" lon="-83.05934797972441">
        <ele>185.37</ele>
      </trkpt>
      <trkpt lat="41.35896395891905" lon="-83.05955492891371">
        <ele>185.39</ele>
      </trkpt>
      <trkpt lat="41.358918864279985" lon="-83.05979297496378">
        <ele>185.44</ele>
      </trkpt>
      <trkpt lat="41.358873937278986" lon="-83.06002993136644">
        <ele>185.47</ele>
      </trkpt>
      <trkpt lat="41.35881585069001" lon="-83.06042429991066">
        <ele>185.46</ele>
      </trkpt>
      <trkpt lat="41.35875793173909" lon="-83.06081699207425">
        <ele>185.48</ele>
      </trkpt>
      <trkpt lat="41.358703868463635" lon="-83.06117095984519">
        <ele>185.6</ele>
      </trkpt>
      <trkpt lat="41.35864972136915" lon="-83.06152501143515">
        <ele>185.66</ele>
      </trkpt>
      <trkpt lat="41.35859557427466" lon="-83.06187897920609">
        <ele>185.77</ele>
      </trkpt>
      <trkpt lat="41.35854193009436" lon="-83.06222992949188">
        <ele>185.86</ele>
      </trkpt>
      <trkpt lat="41.35849088430405" lon="-83.06255900301039">
        <ele>185.89</ele>
      </trkpt>
      <trkpt lat="41.3584397546947" lon="-83.0628880765289">
        <ele>185.98</ele>
      </trkpt>
      <trkpt lat="41.35838896036148" lon="-83.0632149707526">
        <ele>186.13</ele>
      </trkpt>
      <trkpt lat="41.35832693427801" lon="-83.0635894741863">
        <ele>186.23</ele>
      </trkpt>
      <trkpt lat="41.35826490819454" lon="-83.06396397762">
        <ele>186.33</ele>
      </trkpt>
      <trkpt lat="41.35820288211107" lon="-83.06433848105371">
        <ele>186.42</ele>
      </trkpt>
      <trkpt lat="41.3581408560276" lon="-83.06471298448741">
        <ele>186.5</ele>
      </trkpt>
      <trkpt lat="41.358078829944134" lon="-83.06508748792112">
        <ele>186.59</ele>
      </trkpt>
      <trkpt lat="41.358016803860664" lon="-83.06546199135482">
        <ele>186.67</ele>
      </trkpt>
      <trkpt lat="41.357954777777195" lon="-83.0658364109695">
        <ele>186.76</ele>
      </trkpt>
      <trkpt lat="41.357892751693726" lon="-83.0662109144032">
        <ele>186.84</ele>
      </trkpt>
      <trkpt lat="41.357830725610256" lon="-83.0665854178369">
        <ele>186.92</ele>
      </trkpt>
      <trkpt lat="41.35776995681226" lon="-83.0669519584626">
        <ele>187.0</ele>
      </trkpt>
      <trkpt lat="41.35770441032946" lon="-83.06735638529062">
        <ele>187.08</ele>
      </trkpt>
      <trkpt lat="41.35763886384666" lon="-83.06776089593768">
        <ele>187.17</ele>
      </trkpt>
      <trkpt lat="41.35757331736386" lon="-83.06816532276571">
        <ele>187.25</ele>
      </trkpt>
      <trkpt lat="41.35750777088106" lon="-83.06856983341277">
        <ele>187.33</ele>
      </trkpt>
      <trkpt lat="41.35744297876954" lon="-83.06896998547018">
        <ele>187.41</ele>
      </trkpt>
      <trkpt lat="41.3571738358587" lon="-83.068972164765">
        <ele>187.49</ele>
      </trkpt>
      <trkpt lat="41.356904776766896" lon="-83.06897442787886">
        <ele>187.58</ele>
      </trkpt>
      <trkpt lat="41.35663563385606" lon="-83.06897669099271">
        <ele>187.66</ele>
      </trkpt>
      <trkpt lat="41.35636498220265" lon="-83.06897895410657">
        <ele>187.75</ele>
      </trkpt>
      <trkpt lat="41.35605577379465" lon="-83.06898130103946">
        <ele>187.87</ele>
      </trkpt>
      <trkpt lat="41.35574656538665" lon="-83.06898373179138">
        <ele>187.95</ele>
      </trkpt>
      <trkpt lat="41.355437356978655" lon="-83.06898607872427">
        <ele>188.03</ele>
      </trkpt>
      <trkpt lat="41.35512814857066" lon="-83.06898842565715">
        <ele>188.1</ele>
      </trkpt>
      <trkpt lat="41.35481902398169" lon="-83.06899085640907">
        <ele>188.17</ele>
      </trkpt>
      <trkpt lat="41.35450981557369" lon="-83.06899320334196">
        <ele>188.23</ele>
      </trkpt>
      <trkpt lat="41.354200607165694" lon="-83.06899555027485">
        <ele>188.29</ele>
      </trkpt>
      <trkpt lat="41.353891398757696" lon="-83.06899798102677">
        <ele>188.34</ele>
      </trkpt>
      <trkpt lat="41.3535821903497" lon="-83.06900032795966">
        <ele>188.39</ele>
      </trkpt>
      <trkpt lat="41.3532729819417" lon="-83.06900275871158">
        <ele>188.48</ele>
      </trkpt>
      <trkpt lat="41.352963857352734" lon="-83.06900510564446">
        <ele>188.52</ele>
      </trkpt>
      <trkpt lat="41.352654648944736" lon="-83.06900745257735">
        <ele>188.55</ele>
      </trkpt>
      <trkpt lat="41.35234544053674" lon="-83.06900988332927">
        <ele>188.57</ele>
      </trkpt>
      <trkpt lat="41.35203623212874" lon="-83.06901223026216">
        <ele>188.58</ele>
      </trkpt>
      <trkpt lat="41.35172702372074" lon="-83.06901457719505">
        <ele>188.58</ele>
      </trkpt>
      <trkpt lat="41.35141781531274" lon="-83.06901700794697">
        <ele>188.58</ele>
      </trkpt>
      <trkpt lat="41.35110869072378" lon="-83.06901935487986">
        <ele>188.53</ele>
      </trkpt>
      <trkpt lat="41.35079948231578" lon="-83.06902170181274">
        <ele>188.5</ele>
      </trkpt>
      <trkpt lat="41.35049027390778" lon="-83.06902413256466">
        <ele>188.48</ele>
      </trkpt>
      <trkpt lat="41.35018106549978" lon="-83.06902647949755">
        <ele>188.52</ele>
      </trkpt>
      <trkpt lat="41.349871857091784" lon="-83.06902882643044">
        <ele>188.45</ele>
      </trkpt>
      <trkpt lat="41.34956273250282" lon="-83.06903125718236">
        <ele>188.41</ele>
      </trkpt>
      <trkpt lat="41.34925352409482" lon="-83.06903360411525">
        <ele>188.38</ele>
      </trkpt>
      <trkpt lat="41.34894431568682" lon="-83.06903595104814">
        <ele>188.36</ele>
      </trkpt>
      <trkpt lat="41.348635107278824" lon="-83.06903838180006">
        <ele>188.33</ele>
      </trkpt>
      <trkpt lat="41.348325898870826" lon="-83.06904072873294">
        <ele>188.31</ele>
      </trkpt>
      <trkpt lat="41.34801669046283" lon="-83.06904307566583">
        <ele>188.31</ele>
      </trkpt>
      <trkpt lat="41.34770756587386" lon="-83.06904550641775">
        <ele>188.32</ele>
      </trkpt>
      <trkpt lat="41.34738494642079" lon="-83.06904793716967">
        <ele>188.3</ele>
      </trkpt>
      <trkpt lat="41.347224935889244" lon="-83.06901399046183">
        <ele>188.28</ele>
      </trkpt>
      <trkpt lat="41.347073977813125" lon="-83.06896193884313">
        <ele>188.26</ele>
      </trkpt>
      <trkpt lat="41.346946991980076" lon="-83.06889697909355">
        <ele>188.26</ele>
      </trkpt>
      <trkpt lat="41.34672059677541" lon="-83.06873529218137">
        <ele>188.22</ele>
      </trkpt>
      <trkpt lat="41.34649428538978" lon="-83.06857368908823">
        <ele>188.16</ele>
      </trkpt>
      <trkpt lat="41.34626789018512" lon="-83.06841200217605">
        <ele>188.09</ele>
      </trkpt>
      <trkpt lat="41.346040992066264" lon="-83.06824997998774">
        <ele>188.02</ele>
      </trkpt>
      <trkpt lat="41.3457834161818" lon="-83.06806289590895">
        <ele>188.07</ele>
      </trkpt>
      <trkpt lat="41.34552584029734" lon="-83.06787581183016">
        <ele>188.23</ele>
      </trkpt>
      <trkpt lat="41.34526834823191" lon="-83.06768864393234">
        <ele>188.34</ele>
      </trkpt>
      <trkpt lat="41.34501077234745" lon="-83.06750155985355">
        <ele>188.43</ele>
      </trkpt>
      <trkpt lat="41.34475328028202" lon="-83.06731447577477">
        <ele>188.47</ele>
      </trkpt>
      <trkpt lat="41.34449570439756" lon="-83.06712739169598">
        <ele>188.51</ele>
      </trkpt>
      <trkpt lat="41.34423821233213" lon="-83.06694030761719">
        <ele>188.55</ele>
      </trkpt>
      <trkpt lat="41.34398063644767" lon="-83.0667532235384">
        <ele>188.59</ele>
      </trkpt>
      <trkpt lat="41.34372306056321" lon="-83.06656613945961">
        <ele>188.62</ele>
      </trkpt>
      <trkpt lat="41.343463975936174" lon="-83.06637796573341">
        <ele>188.65</ele>
      </trkpt>
      <trkpt lat="41.34322869591415" lon="-83.06620806455612">
        <ele>188.67</ele>
      </trkpt>
      <trkpt lat="41.342993415892124" lon="-83.06603816337883">
        <ele>188.68</ele>
      </trkpt>
      <trkpt lat="41.34275821968913" lon="-83.06586826220155">
        <ele>188.68</ele>
      </trkpt>
      <trkpt lat="41.342522939667106" lon="-83.06569836102426">
        <ele>188.71</ele>
      </trkpt>
      <trkpt lat="41.34228698909283" lon="-83.06552795693278">
        <ele>188.7</ele>
      </trkpt>
      <trkpt lat="41.34201499633491" lon="-83.06535797193646">
        <ele>188.68</ele>
      </trkpt>
      <trkpt lat="41.341843670234084" lon="-83.06529904715717">
        <ele>188.64</ele>
      </trkpt>
      <trkpt lat="41.3416719250381" lon="-83.06523995473981">
        <ele>188.6</ele>
      </trkpt>
      <trkpt lat="41.34167343378067" lon="-83.06487710215151">
        <ele>188.54</ele>
      </trkpt>
      <trkpt lat="41.34167494252324" lon="-83.06451424956322">
        <ele>188.47</ele>
      </trkpt>
      <trkpt lat="41.34167645126581" lon="-83.06415148079395">
        <ele>188.35</ele>
      </trkpt>
      <trkpt lat="41.34167796000838" lon="-83.06378862820566">
        <ele>188.28</ele>
      </trkpt>
      <trkpt lat="41.341679468750954" lon="-83.06342577561736">
        <ele>188.21</ele>
      </trkpt>
      <trkpt lat="41.341680977493525" lon="-83.06306795217097">
        <ele>188.14</ele>
      </trkpt>
      <trkpt lat="41.34168265387416" lon="-83.06270509958267">
        <ele>188.08</ele>
      </trkpt>
      <trkpt lat="41.34168433025479" lon="-83.06234233081341">
        <ele>187.9</ele>
      </trkpt>
      <trkpt lat="41.341685922816396" lon="-83.06198199279606">
        <ele>187.83</ele>
      </trkpt>
      <trkpt lat="41.341686928644776" lon="-83.0616879556328">
        <ele>187.84</ele>
      </trkpt>
      <trkpt lat="41.34168793447316" lon="-83.06139391846955">
        <ele>187.88</ele>
      </trkpt>
      <trkpt lat="41.34168894030154" lon="-83.06110197678208">
        <ele>187.89</ele>
      </trkpt>
      <trkpt lat="41.3416909519583" lon="-83.06069796904922">
        <ele>187.89</ele>
      </trkpt>
      <trkpt lat="41.3416959811002" lon="-83.06044198572636">
        <ele>187.93</ele>
      </trkpt>
      <trkpt lat="41.34170092642307" lon="-83.06007293052971">
        <ele>188.03</ele>
      </trkpt>
      <trkpt lat="41.3417062908411" lon="-83.05970278568566">
        <ele>188.17</ele>
      </trkpt>
      <trkpt lat="41.34171165525913" lon="-83.05933255702257">
        <ele>188.3</ele>
      </trkpt>
      <trkpt lat="41.34171693585813" lon="-83.05896492674947">
        <ele>188.44</ele>
      </trkpt>
      <trkpt lat="41.3417221326381" lon="-83.05859494954348">
        <ele>188.61</ele>
      </trkpt>
      <trkpt lat="41.34172732941806" lon="-83.05822488851845">
        <ele>188.82</ele>
      </trkpt>
      <trkpt lat="41.34173252619803" lon="-83.05785491131246">
        <ele>189.05</ele>
      </trkpt>
      <trkpt lat="41.341737722977996" lon="-83.05748493410647">
        <ele>189.31</ele>
      </trkpt>
      <trkpt lat="41.34174283593893" lon="-83.05711487308145">
        <ele>189.52</ele>
      </trkpt>
      <trkpt lat="41.341747948899865" lon="-83.05674992501736">
        <ele>189.73</ele>
      </trkpt>
      <trkpt lat="41.34175314567983" lon="-83.05637994781137">
        <ele>189.9</ele>
      </trkpt>
      <trkpt lat="41.341758258640766" lon="-83.05600997060537">
        <ele>190.07</ele>
      </trkpt>
      <trkpt lat="41.34176345542073" lon="-83.05563999339938">
        <ele>190.22</ele>
      </trkpt>
      <trkpt lat="41.34176856838167" lon="-83.05527001619339">
        <ele>190.36</ele>
      </trkpt>
      <trkpt lat="41.34177376516163" lon="-83.0549000389874">
        <ele>190.49</ele>
      </trkpt>
      <trkpt lat="41.34177887812257" lon="-83.05452997796237">
        <ele>190.6</ele>
      </trkpt>
      <trkpt lat="41.3417839910835" lon="-83.05416595190763">
        <ele>190.69</ele>
      </trkpt>
      <trkpt lat="41.341787511482835" lon="-83.05380066856742">
        <ele>190.76</ele>
      </trkpt>
      <trkpt lat="41.3417911157012" lon="-83.0534353852272">
        <ele>190.81</ele>
      </trkpt>
      <trkpt lat="41.34179471991956" lon="-83.05307018570602">
        <ele>190.84</ele>
      </trkpt>
      <trkpt lat="41.341798324137926" lon="-83.0527049023658">
        <ele>190.85</ele>
      </trkpt>
      <trkpt lat="41.34180184453726" lon="-83.05233961902559">
        <ele>190.84</ele>
      </trkpt>
      <trkpt lat="41.34180544875562" lon="-83.05197433568537">
        <ele>190.81</ele>
      </trkpt>
      <trkpt lat="41.341808969154954" lon="-83.05161491967738">
        <ele>190.77</ele>
      </trkpt>
      <trkpt lat="41.341808969154954" lon="-83.0512611195445">
        <ele>190.71</ele>
      </trkpt>
      <trkpt lat="41.341808969154954" lon="-83.05090899579227">
        <ele>190.63</ele>
      </trkpt>
      <trkpt lat="41.341817267239094" lon="-83.05051906965673">
        <ele>190.49</ele>
      </trkpt>
      <trkpt lat="41.3418254815042" lon="-83.05012914352119">
        <ele>190.39</ele>
      </trkpt>
      <trkpt lat="41.34183377958834" lon="-83.04973930120468">
        <ele>190.27</ele>
      </trkpt>
      <trkpt lat="41.34184207767248" lon="-83.04934937506914">
        <ele>190.15</ele>
      </trkpt>
      <trkpt lat="41.34185037575662" lon="-83.0489594489336">
        <ele>190.03</ele>
      </trkpt>
      <trkpt lat="41.34185859002173" lon="-83.0485696066171">
        <ele>189.9</ele>
      </trkpt>
      <trkpt lat="41.34186688810587" lon="-83.04817968048155">
        <ele>189.78</ele>
      </trkpt>
      <trkpt lat="41.34187518619001" lon="-83.04778983816504">
        <ele>189.65</ele>
      </trkpt>
      <trkpt lat="41.34188348427415" lon="-83.0473999120295">
        <ele>189.5</ele>
      </trkpt>
      <trkpt lat="41.34189169853926" lon="-83.04700998589396">
        <ele>189.36</ele>
      </trkpt>
      <trkpt lat="41.3418999966234" lon="-83.04662014357746">
        <ele>189.25</ele>
      </trkpt>
      <trkpt lat="41.34190795943141" lon="-83.04624094627798">
        <ele>189.15</ele>
      </trkpt>
      <trkpt lat="41.34191567078233" lon="-83.0458807758987">
        <ele>189.02</ele>
      </trkpt>
      <trkpt lat="41.341923298314214" lon="-83.04552060551941">
        <ele>188.92</ele>
      </trkpt>
      <trkpt lat="41.3419309258461" lon="-83.04516294971108">
        <ele>188.82</ele>
      </trkpt>
      <trkpt lat="41.341939475387335" lon="-83.0447628814727">
        <ele>188.82</ele>
      </trkpt>
      <trkpt lat="41.34194802492857" lon="-83.04436281323433">
        <ele>188.8</ele>
      </trkpt>
      <trkpt lat="41.34195649065077" lon="-83.04396274499595">
        <ele>188.79</ele>
      </trkpt>
      <trkpt lat="41.34196504019201" lon="-83.04356259293854">
        <ele>188.78</ele>
      </trkpt>
      <trkpt lat="41.34197358973324" lon="-83.04316252470016">
        <ele>188.87</ele>
      </trkpt>
      <trkpt lat="41.341981971636415" lon="-83.04276798851788">
        <ele>188.97</ele>
      </trkpt>
      <trkpt lat="41.34198951534927" lon="-83.04239960387349">
        <ele>189.07</ele>
      </trkpt>
      <trkpt lat="41.34199697524309" lon="-83.04203297942877">
        <ele>189.13</ele>
      </trkpt>
      <trkpt lat="41.34200435131788" lon="-83.04167498834431">
        <ele>189.22</ele>
      </trkpt>
      <trkpt lat="41.34201164357364" lon="-83.04131699725986">
        <ele>189.28</ele>
      </trkpt>
      <trkpt lat="41.34201901964843" lon="-83.0409590061754">
        <ele>189.31</ele>
      </trkpt>
      <trkpt lat="41.342026395723224" lon="-83.04060101509094">
        <ele>189.36</ele>
      </trkpt>
      <trkpt lat="41.34203368797898" lon="-83.04024302400649">
        <ele>189.37</ele>
      </trkpt>
      <trkpt lat="41.34204098023474" lon="-83.0398899782449">
        <ele>189.44</ele>
      </trkpt>
      <trkpt lat="41.342049362137914" lon="-83.03948731161654">
        <ele>189.51</ele>
      </trkpt>
      <trkpt lat="41.342057744041085" lon="-83.03908464498818">
        <ele>189.59</ele>
      </trkpt>
      <trkpt lat="41.34206612594426" lon="-83.03868197835982">
        <ele>189.66</ele>
      </trkpt>
      <trkpt lat="41.34207459166646" lon="-83.03827922791243">
        <ele>189.77</ele>
      </trkpt>
      <trkpt lat="41.34208297356963" lon="-83.03787656128407">
        <ele>189.89</ele>
      </trkpt>
      <trkpt lat="41.3420913554728" lon="-83.0374738946557">
        <ele>189.97</ele>
      </trkpt>
      <trkpt lat="41.342099737375975" lon="-83.03707122802734">
        <ele>190.03</ele>
      </trkpt>
      <trkpt lat="41.34210795164108" lon="-83.03667593747377">
        <ele>190.08</ele>
      </trkpt>
      <trkpt lat="41.34211599826813" lon="-83.03628550842404">
        <ele>190.08</ele>
      </trkpt>
      <trkpt lat="41.34212404489517" lon="-83.03589507937431">
        <ele>190.12</ele>
      </trkpt>
      <trkpt lat="41.342132007703185" lon="-83.03550465032458">
        <ele>190.15</ele>
      </trkpt>
      <trkpt lat="41.34214005433023" lon="-83.03511422127485">
        <ele>190.18</ele>
      </trkpt>
      <trkpt lat="41.342148100957274" lon="-83.03472379222512">
        <ele>190.21</ele>
      </trkpt>
      <trkpt lat="41.34215614758432" lon="-83.03433327935636">
        <ele>190.23</ele>
      </trkpt>
      <trkpt lat="41.34216411039233" lon="-83.03394285030663">
        <ele>190.24</ele>
      </trkpt>
      <trkpt lat="41.34217215701938" lon="-83.0335524212569">
        <ele>190.25</ele>
      </trkpt>
      <trkpt lat="41.34218020364642" lon="-83.03316199220717">
        <ele>190.26</ele>
      </trkpt>
      <trkpt lat="41.342188166454434" lon="-83.03277156315744">
        <ele>190.26</ele>
      </trkpt>
      <trkpt lat="41.342195961624384" lon="-83.03239094093442">
        <ele>190.25</ele>
      </trkpt>
      <trkpt lat="41.34220702573657" lon="-83.03203211165965">
        <ele>190.25</ele>
      </trkpt>
      <trkpt lat="41.34221792221069" lon="-83.0316749587655">
        <ele>190.24</ele>
      </trkpt>
      <trkpt lat="41.34222496300936" lon="-83.03127388469875">
        <ele>190.22</ele>
      </trkpt>
      <trkpt lat="41.34223200380802" lon="-83.03087289445102">
        <ele>190.21</ele>
      </trkpt>
      <trkpt lat="41.342239044606686" lon="-83.03047182038426">
        <ele>190.18</ele>
      </trkpt>
      <trkpt lat="41.34224608540535" lon="-83.0300707463175">
        <ele>190.16</ele>
      </trkpt>
      <trkpt lat="41.342253126204014" lon="-83.02966975606978">
        <ele>190.13</ele>
      </trkpt>
      <trkpt lat="41.342260083183646" lon="-83.02926868200302">
        <ele>190.1</ele>
      </trkpt>
      <trkpt lat="41.34226712398231" lon="-83.02886760793626">
        <ele>190.07</ele>
      </trkpt>
      <trkpt lat="41.342274164780974" lon="-83.02846661768854">
        <ele>190.04</ele>
      </trkpt>
      <trkpt lat="41.34228120557964" lon="-83.02806554362178">
        <ele>190.0</ele>
      </trkpt>
      <trkpt lat="41.3422882463783" lon="-83.02766455337405">
        <ele>189.96</ele>
      </trkpt>
      <trkpt lat="41.34229528717697" lon="-83.0272634793073">
        <ele>189.92</ele>
      </trkpt>
      <trkpt lat="41.3423022441566" lon="-83.02686240524054">
        <ele>189.87</ele>
      </trkpt>
      <trkpt lat="41.34230928495526" lon="-83.02646141499281">
        <ele>189.83</ele>
      </trkpt>
      <trkpt lat="41.34231632575393" lon="-83.02606034092605">
        <ele>189.78</ele>
      </trkpt>
      <trkpt lat="41.34232336655259" lon="-83.0256592668593">
        <ele>189.73</ele>
      </trkpt>
      <trkpt lat="41.3423299882561" lon="-83.02527294494212">
        <ele>189.69</ele>
      </trkpt>
      <trkpt lat="41.34233736433089" lon="-83.02490590140224">
        <ele>189.64</ele>
      </trkpt>
      <trkpt lat="41.34234482422471" lon="-83.02453885786235">
        <ele>189.59</ele>
      </trkpt>
      <trkpt lat="41.3423522002995" lon="-83.02417181432247">
        <ele>189.55</ele>
      </trkpt>
      <trkpt lat="41.342359660193324" lon="-83.02380477078259">
        <ele>189.45</ele>
      </trkpt>
      <trkpt lat="41.34236695244908" lon="-83.0234419181943">
        <ele>189.41</ele>
      </trkpt>
      <trkpt lat="41.34237508289516" lon="-83.02303405478597">
        <ele>189.37</ele>
      </trkpt>
      <trkpt lat="41.342383213341236" lon="-83.02262610755861">
        <ele>189.34</ele>
      </trkpt>
      <trkpt lat="41.34239134378731" lon="-83.02221816033125">
        <ele>189.32</ele>
      </trkpt>
      <trkpt lat="41.34239947423339" lon="-83.02181021310389">
        <ele>189.33</ele>
      </trkpt>
      <trkpt lat="41.342407604679465" lon="-83.02140226587653">
        <ele>189.34</ele>
      </trkpt>
      <trkpt lat="41.34241573512554" lon="-83.02099431864917">
        <ele>189.33</ele>
      </trkpt>
      <trkpt lat="41.34242386557162" lon="-83.02058637142181">
        <ele>189.37</ele>
      </trkpt>
      <trkpt lat="41.342432079836726" lon="-83.02017850801349">
        <ele>189.37</ele>
      </trkpt>
      <trkpt lat="41.34243995882571" lon="-83.0197789426893">
        <ele>189.33</ele>
      </trkpt>
      <trkpt lat="41.342443311586976" lon="-83.01945288665593">
        <ele>189.33</ele>
      </trkpt>
      <trkpt lat="41.342446664348245" lon="-83.01912683062255">
        <ele>189.33</ele>
      </trkpt>
      <trkpt lat="41.34244993329048" lon="-83.018802953884">
        <ele>189.29</ele>
      </trkpt>
      <trkpt lat="41.34245295077562" lon="-83.01847673021257">
        <ele>189.26</ele>
      </trkpt>
      <trkpt lat="41.342455968260765" lon="-83.01815193146467">
        <ele>189.32</ele>
      </trkpt>
      <trkpt lat="41.342155979946256" lon="-83.01815494894981">
        <ele>189.37</ele>
      </trkpt>
      <trkpt lat="41.34185607545078" lon="-83.01815796643496">
        <ele>189.49</ele>
      </trkpt>
      <trkpt lat="41.34155608713627" lon="-83.0181609839201">
        <ele>189.62</ele>
      </trkpt>
      <trkpt lat="41.34125618264079" lon="-83.01816391758621">
        <ele>189.75</ele>
      </trkpt>
      <trkpt lat="41.340953931212425" lon="-83.01816693507135">
        <ele>189.84</ele>
      </trkpt>
      <trkpt lat="41.34066190570593" lon="-83.01816986873746">
        <ele>189.94</ele>
      </trkpt>
      <trkpt lat="41.34036988019943" lon="-83.01817280240357">
        <ele>190.04</ele>
      </trkpt>
      <trkpt lat="41.34007793851197" lon="-83.01817565225065">
        <ele>190.16</ele>
      </trkpt>
      <trkpt lat="41.33978591300547" lon="-83.01817858591676">
        <ele>190.29</ele>
      </trkpt>
      <trkpt lat="41.339493887498975" lon="-83.01818151958287">
        <ele>190.39</ele>
      </trkpt>
      <trkpt lat="41.33920186199248" lon="-83.01818436942995">
        <ele>190.49</ele>
      </trkpt>
      <trkpt lat="41.33890983648598" lon="-83.01818730309606">
        <ele>190.57</ele>
      </trkpt>
      <trkpt lat="41.338617810979486" lon="-83.01819023676217">
        <ele>190.66</ele>
      </trkpt>
      <trkpt lat="41.33832578547299" lon="-83.01819308660924">
        <ele>190.73</ele>
      </trkpt>
      <trkpt lat="41.33803375996649" lon="-83.01819602027535">
        <ele>190.85</ele>
      </trkpt>
      <trkpt lat="41.33773695677519" lon="-83.01819895394146">
        <ele>190.92</ele>
      </trkpt>
      <trkpt lat="41.337442081421614" lon="-83.0182019714266">
        <ele>190.97</ele>
      </trkpt>
      <trkpt lat="41.33714720606804" lon="-83.01820498891175">
        <ele>191.01</ele>
      </trkpt>
      <trkpt lat="41.33685224689543" lon="-83.01820792257786">
        <ele>191.05</ele>
      </trkpt>
      <trkpt lat="41.33655737154186" lon="-83.018210940063">
        <ele>191.05</ele>
      </trkpt>
      <trkpt lat="41.33626249618828" lon="-83.01821395754814">
        <ele>191.07</ele>
      </trkpt>
      <trkpt lat="41.33596762083471" lon="-83.01821689121425">
        <ele>191.09</ele>
      </trkpt>
      <trkpt lat="41.33567274548113" lon="-83.0182199086994">
        <ele>191.1</ele>
      </trkpt>
      <trkpt lat="41.33537778630853" lon="-83.01822292618454">
        <ele>191.1</ele>
      </trkpt>
      <trkpt lat="41.33508291095495" lon="-83.01822594366968">
        <ele>191.1</ele>
      </trkpt>
      <trkpt lat="41.33478803560138" lon="-83.01822887733579">
        <ele>191.11</ele>
      </trkpt>
      <trkpt lat="41.3344931602478" lon="-83.01823189482093">
        <ele>191.13</ele>
      </trkpt>
      <trkpt lat="41.3341929204762" lon="-83.0182349961251">
        <ele>191.15</ele>
      </trkpt>
      <trkpt lat="41.33388463407755" lon="-83.01823432557285">
        <ele>191.18</ele>
      </trkpt>
      <trkpt lat="41.3335763476789" lon="-83.0182336550206">
        <ele>191.22</ele>
      </trkpt>
      <trkpt lat="41.33326797746122" lon="-83.01823298446834">
        <ele>191.26</ele>
      </trkpt>
      <trkpt lat="41.33295969106257" lon="-83.01823231391609">
        <ele>191.3</ele>
      </trkpt>
      <trkpt lat="41.33265140466392" lon="-83.01823164336383">
        <ele>191.31</ele>
      </trkpt>
      <trkpt lat="41.33234303444624" lon="-83.01823097281158">
        <ele>191.4</ele>
      </trkpt>
      <trkpt lat="41.33203474804759" lon="-83.01823030225933">
        <ele>191.54</ele>
      </trkpt>
      <trkpt lat="41.33172646164894" lon="-83.01822963170707">
        <ele>191.62</ele>
      </trkpt>
      <trkpt lat="41.33141809143126" lon="-83.01822896115482">
        <ele>191.74</ele>
      </trkpt>
      <trkpt lat="41.33110980503261" lon="-83.01822829060256">
        <ele>191.93</ele>
      </trkpt>
      <trkpt lat="41.33080143481493" lon="-83.01822762005031">
        <ele>192.12</ele>
      </trkpt>
      <trkpt lat="41.33049314841628" lon="-83.01822694949806">
        <ele>192.28</ele>
      </trkpt>
      <trkpt lat="41.33018486201763" lon="-83.0182262789458">
        <ele>192.46</ele>
      </trkpt>
      <trkpt lat="41.32987649179995" lon="-83.01822560839355">
        <ele>192.6</ele>
      </trkpt>
      <trkpt lat="41.3295682054013" lon="-83.0182249378413">
        <ele>192.79</ele>
      </trkpt>
      <trkpt lat="41.32925991900265" lon="-83.01822426728904">
        <ele>192.93</ele>
      </trkpt>
      <trkpt lat="41.32895154878497" lon="-83.01822368055582">
        <ele>193.05</ele>
      </trkpt>
      <trkpt lat="41.32863496430218" lon="-83.01822292618454">
        <ele>193.17</ele>
      </trkpt>
      <trkpt lat="41.328634629026055" lon="-83.0178068485111">
        <ele>193.28</ele>
      </trkpt>
      <trkpt lat="41.32863429374993" lon="-83.01739077083766">
        <ele>193.37</ele>
      </trkpt>
      <trkpt lat="41.32863387465477" lon="-83.01697469316423">
        <ele>193.46</ele>
      </trkpt>
      <trkpt lat="41.32863353937864" lon="-83.01655853167176">
        <ele>193.53</ele>
      </trkpt>
      <trkpt lat="41.328633204102516" lon="-83.01614245399833">
        <ele>193.6</ele>
      </trkpt>
      <trkpt lat="41.32863286882639" lon="-83.01572637632489">
        <ele>193.65</ele>
      </trkpt>
      <trkpt lat="41.32863253355026" lon="-83.01531029865146">
        <ele>193.69</ele>
      </trkpt>
      <trkpt lat="41.328632198274136" lon="-83.01489413715899">
        <ele>193.73</ele>
      </trkpt>
      <trkpt lat="41.32863186299801" lon="-83.01447805948555">
        <ele>193.75</ele>
      </trkpt>
      <trkpt lat="41.32863144390285" lon="-83.01406198181212">
        <ele>193.77</ele>
      </trkpt>
      <trkpt lat="41.32863110862672" lon="-83.01364590413868">
        <ele>193.78</ele>
      </trkpt>
      <trkpt lat="41.328630773350596" lon="-83.01322974264622">
        <ele>193.79</ele>
      </trkpt>
      <trkpt lat="41.32863043807447" lon="-83.01281366497278">
        <ele>193.79</ele>
      </trkpt>
      <trkpt lat="41.32862993516028" lon="-83.01241099834442">
        <ele>193.79</ele>
      </trkpt>
      <trkpt lat="41.32862959988415" lon="-83.01205250434577">
        <ele>193.73</ele>
      </trkpt>
      <trkpt lat="41.328629264608026" lon="-83.01169401034713">
        <ele>193.74</ele>
      </trkpt>
      <trkpt lat="41.3286289293319" lon="-83.01133551634848">
        <ele>193.73</ele>
      </trkpt>
      <trkpt lat="41.32862859405577" lon="-83.01097702234983">
        <ele>193.73</ele>
      </trkpt>
      <trkpt lat="41.32862834259868" lon="-83.01061852835119">
        <ele>193.73</ele>
      </trkpt>
      <trkpt lat="41.32862792350352" lon="-83.01026497967541">
        <ele>193.74</ele>
      </trkpt>
      <trkpt lat="41.32862742058933" lon="-83.0099026300013">
        <ele>193.79</ele>
      </trkpt>
      <trkpt lat="41.32862691767514" lon="-83.00954195670784">
        <ele>193.89</ele>
      </trkpt>
      <trkpt lat="41.32862666621804" lon="-83.00918865948915">
        <ele>193.96</ele>
      </trkpt>
      <trkpt lat="41.328626330941916" lon="-83.00883536227047">
        <ele>194.02</ele>
      </trkpt>
      <trkpt lat="41.32862599566579" lon="-83.0084820650518">
        <ele>194.07</ele>
      </trkpt>
      <trkpt lat="41.32862566038966" lon="-83.00812868401408">
        <ele>194.12</ele>
      </trkpt>
      <trkpt lat="41.328625325113535" lon="-83.0077753867954">
        <ele>194.24</ele>
      </trkpt>
      <trkpt lat="41.32862498983741" lon="-83.00742695108056">
        <ele>194.29</ele>
      </trkpt>
      <trkpt lat="41.32862515747547" lon="-83.00704180262983">
        <ele>194.35</ele>
      </trkpt>
      <trkpt lat="41.32862540893257" lon="-83.00665657036006">
        <ele>194.4</ele>
      </trkpt>
      <trkpt lat="41.32862557657063" lon="-83.00627142190933">
        <ele>194.45</ele>
      </trkpt>
      <trkpt lat="41.32862574420869" lon="-83.00588618963957">
        <ele>194.5</ele>
      </trkpt>
      <trkpt lat="41.32862599566579" lon="-83.00550104118884">
        <ele>194.55</ele>
      </trkpt>
      <trkpt lat="41.32862616330385" lon="-83.0051158927381">
        <ele>194.59</ele>
      </trkpt>
      <trkpt lat="41.32862641476095" lon="-83.00473066046834">
        <ele>194.64</ele>
      </trkpt>
      <trkpt lat="41.32862658239901" lon="-83.00434551201761">
        <ele>194.65</ele>
      </trkpt>
      <trkpt lat="41.328626833856106" lon="-83.00396027974784">
        <ele>194.66</ele>
      </trkpt>
      <trkpt lat="41.32862691767514" lon="-83.00358393229544">
        <ele>194.69</ele>
      </trkpt>
      <trkpt lat="41.32862951606512" lon="-83.00316609442234">
        <ele>194.73</ele>
      </trkpt>
      <trkpt lat="41.328632114455104" lon="-83.00274817273021">
        <ele>194.8</ele>
      </trkpt>
      <trkpt lat="41.32863471284509" lon="-83.0023303348571">
        <ele>194.85</ele>
      </trkpt>
      <trkpt lat="41.32863731123507" lon="-83.001912496984">
        <ele>194.88</ele>
      </trkpt>
      <trkpt lat="41.32863990962505" lon="-83.00149457529187">
        <ele>194.91</ele>
      </trkpt>
      <trkpt lat="41.32864250801504" lon="-83.00107673741877">
        <ele>194.94</ele>
      </trkpt>
      <trkpt lat="41.32864510640502" lon="-83.00065881572664">
        <ele>194.97</ele>
      </trkpt>
      <trkpt lat="41.32864762097597" lon="-83.00024097785354">
        <ele>194.99</ele>
      </trkpt>
      <trkpt lat="41.328650219365954" lon="-82.99982313998044">
        <ele>195.01</ele>
      </trkpt>
      <trkpt lat="41.32865281775594" lon="-82.9994052182883">
        <ele>195.02</ele>
      </trkpt>
      <trkpt lat="41.32865541614592" lon="-82.9989873804152">
        <ele>194.97</ele>
      </trkpt>
      <trkpt lat="41.328658014535904" lon="-82.99856945872307">
        <ele>195.02</ele>
      </trkpt>
      <trkpt lat="41.32866061292589" lon="-82.99815162084997">
        <ele>195.09</ele>
      </trkpt>
      <trkpt lat="41.32866321131587" lon="-82.99773378297687">
        <ele>195.1</ele>
      </trkpt>
      <trkpt lat="41.32866580970585" lon="-82.99731586128473">
        <ele>195.12</ele>
      </trkpt>
      <trkpt lat="41.328668324276805" lon="-82.99689802341163">
        <ele>195.13</ele>
      </trkpt>
      <trkpt lat="41.32867092266679" lon="-82.9964801017195">
        <ele>195.13</ele>
      </trkpt>
      <trkpt lat="41.32867352105677" lon="-82.9960622638464">
        <ele>195.14</ele>
      </trkpt>
      <trkpt lat="41.328676119446754" lon="-82.9956444259733">
        <ele>195.13</ele>
      </trkpt>
      <trkpt lat="41.32867871783674" lon="-82.99522650428116">
        <ele>195.13</ele>
      </trkpt>
      <trkpt lat="41.32868131622672" lon="-82.99480866640806">
        <ele>195.12</ele>
      </trkpt>
      <trkpt lat="41.328683914616704" lon="-82.99439074471593">
        <ele>195.1</ele>
      </trkpt>
      <trkpt lat="41.328685926273465" lon="-82.99399495124817">
        <ele>195.08</ele>
      </trkpt>
      <trkpt lat="41.32868726737797" lon="-82.99361198209226">
        <ele>195.05</ele>
      </trkpt>
      <trkpt lat="41.32868860848248" lon="-82.99322901293635">
        <ele>195.02</ele>
      </trkpt>
      <trkpt lat="41.328689865767956" lon="-82.99284604378045">
        <ele>194.98</ele>
      </trkpt>
      <trkpt lat="41.32869120687246" lon="-82.99246307462454">
        <ele>194.94</ele>
      </trkpt>
      <trkpt lat="41.32869246415794" lon="-82.9920800216496">
        <ele>194.89</ele>
      </trkpt>
      <trkpt lat="41.328693805262446" lon="-82.99169705249369">
        <ele>194.83</ele>
      </trkpt>
      <trkpt lat="41.328695146366954" lon="-82.99131408333778">
        <ele>194.77</ele>
      </trkpt>
      <trkpt lat="41.32869640365243" lon="-82.99093111418188">
        <ele>194.7</ele>
      </trkpt>
      <trkpt lat="41.32869774475694" lon="-82.99054814502597">
        <ele>194.63</ele>
      </trkpt>
      <trkpt lat="41.32869891822338" lon="-82.99017397686839">
        <ele>194.55</ele>
      </trkpt>
      <trkpt lat="41.32869992405176" lon="-82.9898642655462">
        <ele>194.47</ele>
      </trkpt>
      <trkpt lat="41.32870092988014" lon="-82.98955455422401">
        <ele>194.38</ele>
      </trkpt>
      <trkpt lat="41.32870193570852" lon="-82.98924693837762">
        <ele>194.3</ele>
      </trkpt>
      <trkpt lat="41.32870218716562" lon="-82.98888869583607">
        <ele>194.21</ele>
      </trkpt>
      <trkpt lat="41.32870235480368" lon="-82.98853053711355">
        <ele>194.11</ele>
      </trkpt>
      <trkpt lat="41.32870260626078" lon="-82.988172294572">
        <ele>194.01</ele>
      </trkpt>
      <trkpt lat="41.32870277389884" lon="-82.98781405203044">
        <ele>193.87</ele>
      </trkpt>
      <trkpt lat="41.3287029415369" lon="-82.98745991662145">
        <ele>193.78</ele>
      </trkpt>
      <trkpt lat="41.328703444451094" lon="-82.9870911128819">
        <ele>193.71</ele>
      </trkpt>
      <trkpt lat="41.328703947365284" lon="-82.98672222532332">
        <ele>193.66</ele>
      </trkpt>
      <trkpt lat="41.328704450279474" lon="-82.98635342158377">
        <ele>193.69</ele>
      </trkpt>
      <trkpt lat="41.328704953193665" lon="-82.98598797060549">
        <ele>193.69</ele>
      </trkpt>
      <trkpt lat="41.32870528846979" lon="-82.98557826317847">
        <ele>193.66</ele>
      </trkpt>
      <trkpt lat="41.32870562374592" lon="-82.98516855575144">
        <ele>193.62</ele>
      </trkpt>
      <trkpt lat="41.328705959022045" lon="-82.98475876450539">
        <ele>193.59</ele>
      </trkpt>
      <trkpt lat="41.32870629429817" lon="-82.98434905707836">
        <ele>193.55</ele>
      </trkpt>
      <trkpt lat="41.3287066295743" lon="-82.98393934965134">
        <ele>193.56</ele>
      </trkpt>
      <trkpt lat="41.328706964850426" lon="-82.98352964222431">
        <ele>193.6</ele>
      </trkpt>
      <trkpt lat="41.32870730012655" lon="-82.98311993479729">
        <ele>193.65</ele>
      </trkpt>
      <trkpt lat="41.32870763540268" lon="-82.98271022737026">
        <ele>193.72</ele>
      </trkpt>
      <trkpt lat="41.328707970678806" lon="-82.98230898566544">
        <ele>193.85</ele>
      </trkpt>
      <trkpt lat="41.3287082221359" lon="-82.98192601650953">
        <ele>193.97</ele>
      </trkpt>
      <trkpt lat="41.32870855741203" lon="-82.98154304735363">
        <ele>194.09</ele>
      </trkpt>
      <trkpt lat="41.32870880886912" lon="-82.98116007819772">
        <ele>194.22</ele>
      </trkpt>
      <trkpt lat="41.32870906032622" lon="-82.98077710904181">
        <ele>194.42</ele>
      </trkpt>
      <trkpt lat="41.328709395602345" lon="-82.9803941398859">
        <ele>194.6</ele>
      </trkpt>
      <trkpt lat="41.32870964705944" lon="-82.98001117073">
        <ele>194.77</ele>
      </trkpt>
      <trkpt lat="41.328709898516536" lon="-82.97962820157409">
        <ele>194.9</ele>
      </trkpt>
      <trkpt lat="41.32871023379266" lon="-82.97924523241818">
        <ele>195.07</ele>
      </trkpt>
      <trkpt lat="41.32871048524976" lon="-82.97886226326227">
        <ele>195.25</ele>
      </trkpt>
      <trkpt lat="41.32871073670685" lon="-82.97847929410636">
        <ele>195.49</ele>
      </trkpt>
      <trkpt lat="41.32871098816395" lon="-82.9781059641391">
        <ele>195.67</ele>
      </trkpt>
      <trkpt lat="41.32871308363974" lon="-82.97768821008503">
        <ele>195.86</ele>
      </trkpt>
      <trkpt lat="41.328715262934566" lon="-82.97727053985">
        <ele>196.04</ele>
      </trkpt>
      <trkpt lat="41.32871735841036" lon="-82.97685286961496">
        <ele>196.22</ele>
      </trkpt>
      <trkpt lat="41.32871953770518" lon="-82.97643511556089">
        <ele>196.41</ele>
      </trkpt>
      <trkpt lat="41.328721633180976" lon="-82.97601744532585">
        <ele>196.58</ele>
      </trkpt>
      <trkpt lat="41.32872372865677" lon="-82.97559969127178">
        <ele>196.75</ele>
      </trkpt>
      <trkpt lat="41.32872590795159" lon="-82.97518202103674">
        <ele>196.96</ele>
      </trkpt>
      <trkpt lat="41.328727919608355" lon="-82.97477197833359">
        <ele>197.13</ele>
      </trkpt>
      <trkpt lat="41.32873177528381" lon="-82.97436428256333">
        <ele>197.34</ele>
      </trkpt>
      <trkpt lat="41.32873554714024" lon="-82.97395658679307">
        <ele>197.47</ele>
      </trkpt>
      <trkpt lat="41.32873931899667" lon="-82.97354880720377">
        <ele>197.59</ele>
      </trkpt>
      <trkpt lat="41.328743090853095" lon="-82.9731411114335">
        <ele>197.72</ele>
      </trkpt>
      <trkpt lat="41.32874686270952" lon="-82.97273341566324">
        <ele>197.8</ele>
      </trkpt>
      <trkpt lat="41.32875071838498" lon="-82.97232571989298">
        <ele>197.89</ele>
      </trkpt>
      <trkpt lat="41.32875449024141" lon="-82.97191802412271">
        <ele>197.96</ele>
      </trkpt>
      <trkpt lat="41.328758262097836" lon="-82.97151032835245">
        <ele>198.01</ele>
      </trkpt>
      <trkpt lat="41.32876203395426" lon="-82.97110263258219">
        <ele>198.06</ele>
      </trkpt>
      <trkpt lat="41.32876580581069" lon="-82.97069493681192">
        <ele>198.09</ele>
      </trkpt>
      <trkpt lat="41.32876957766712" lon="-82.97028724104166">
        <ele>198.11</ele>
      </trkpt>
      <trkpt lat="41.328773433342576" lon="-82.96987946145236">
        <ele>198.12</ele>
      </trkpt>
      <trkpt lat="41.32877695374191" lon="-82.9694839194417">
        <ele>198.12</ele>
      </trkpt>
      <trkpt lat="41.32878013886511" lon="-82.96913070604205">
        <ele>198.11</ele>
      </trkpt>
      <trkpt lat="41.32878340780735" lon="-82.96877757646143">
        <ele>198.09</ele>
      </trkpt>
      <trkpt lat="41.328786592930555" lon="-82.96842436306179">
        <ele>198.07</ele>
      </trkpt>
      <trkpt lat="41.32878977805376" lon="-82.96807114966214">
        <ele>198.04</ele>
      </trkpt>
      <trkpt lat="41.328792963176966" lon="-82.96772195957601">
        <ele>198.01</ele>
      </trkpt>
      <trkpt lat="41.32879656739533" lon="-82.96734200790524">
        <ele>197.97</ele>
      </trkpt>
      <trkpt lat="41.32880008779466" lon="-82.96696197241545">
        <ele>197.94</ele>
      </trkpt>
      <trkpt lat="41.328803692013025" lon="-82.96658202074468">
        <ele>197.85</ele>
      </trkpt>
      <trkpt lat="41.32880721241236" lon="-82.96620198525488">
        <ele>197.81</ele>
      </trkpt>
      <trkpt lat="41.32881081663072" lon="-82.96582203358412">
        <ele>197.78</ele>
      </trkpt>
      <trkpt lat="41.32881433703005" lon="-82.96544208191335">
        <ele>197.76</ele>
      </trkpt>
      <trkpt lat="41.32881794124842" lon="-82.96506204642355">
        <ele>197.74</ele>
      </trkpt>
      <trkpt lat="41.32882154546678" lon="-82.96468209475279">
        <ele>197.72</ele>
      </trkpt>
      <trkpt lat="41.32882498204708" lon="-82.96430993825197">
        <ele>197.73</ele>
      </trkpt>
      <trkpt lat="41.32882682606578" lon="-82.96389235183597">
        <ele>197.77</ele>
      </trkpt>
      <trkpt lat="41.32882875390351" lon="-82.96347484923899">
        <ele>197.77</ele>
      </trkpt>
      <trkpt lat="41.32883068174124" lon="-82.96305726282299">
        <ele>197.78</ele>
      </trkpt>
      <trkpt lat="41.32883260957897" lon="-82.96263967640698">
        <ele>197.79</ele>
      </trkpt>
      <trkpt lat="41.328834453597665" lon="-82.96222208999097">
        <ele>197.81</ele>
      </trkpt>
      <trkpt lat="41.328836381435394" lon="-82.96180450357497">
        <ele>197.83</ele>
      </trkpt>
      <trkpt lat="41.328838309273124" lon="-82.961387000978">
        <ele>197.85</ele>
      </trkpt>
      <trkpt lat="41.32884023711085" lon="-82.96096941456199">
        <ele>197.88</ele>
      </trkpt>
      <trkpt lat="41.32884208112955" lon="-82.96055182814598">
        <ele>197.91</ele>
      </trkpt>
      <trkpt lat="41.32884400896728" lon="-82.96013424172997">
        <ele>197.95</ele>
      </trkpt>
      <trkpt lat="41.32884593680501" lon="-82.95971665531397">
        <ele>197.99</ele>
      </trkpt>
      <trkpt lat="41.32884786464274" lon="-82.959299152717">
        <ele>198.03</ele>
      </trkpt>
      <trkpt lat="41.32884970866144" lon="-82.95888156630099">
        <ele>198.13</ele>
      </trkpt>
      <trkpt lat="41.32885163649917" lon="-82.95846397988498">
        <ele>198.18</ele>
      </trkpt>
      <trkpt lat="41.328853564336896" lon="-82.95804639346898">
        <ele>198.23</ele>
      </trkpt>
      <trkpt lat="41.328855492174625" lon="-82.95762880705297">
        <ele>198.27</ele>
      </trkpt>
      <trkpt lat="41.32885733619332" lon="-82.957211304456">
        <ele>198.32</ele>
      </trkpt>
      <trkpt lat="41.328858928754926" lon="-82.95681098476052">
        <ele>198.37</ele>
      </trkpt>
      <trkpt lat="41.32886068895459" lon="-82.95641552656889">
        <ele>198.43</ele>
      </trkpt>
      <trkpt lat="41.32886244915426" lon="-82.95602015219629">
        <ele>198.48</ele>
      </trkpt>
      <trkpt lat="41.328864209353924" lon="-82.95562469400465">
        <ele>198.54</ele>
      </trkpt>
      <trkpt lat="41.32886596955359" lon="-82.95523292385042">
        <ele>198.6</ele>
      </trkpt>
      <trkpt lat="41.3285581022501" lon="-82.95523568987846">
        <ele>198.67</ele>
      </trkpt>
      <trkpt lat="41.32825023494661" lon="-82.95523845590651">
        <ele>198.74</ele>
      </trkpt>
      <trkpt lat="41.32794245146215" lon="-82.95524122193456">
        <ele>198.82</ele>
      </trkpt>
      <trkpt lat="41.32763458415866" lon="-82.9552439879626">
        <ele>198.9</ele>
      </trkpt>
      <trkpt lat="41.32732671685517" lon="-82.95524675399065">
        <ele>198.99</ele>
      </trkpt>
      <trkpt lat="41.32701884955168" lon="-82.9552495200187">
        <ele>199.09</ele>
      </trkpt>
      <trkpt lat="41.32671106606722" lon="-82.95525228604674">
        <ele>199.2</ele>
      </trkpt>
      <trkpt lat="41.32640319876373" lon="-82.95525505207479">
        <ele>199.35</ele>
      </trkpt>
      <trkpt lat="41.32609533146024" lon="-82.95525781810284">
        <ele>199.5</ele>
      </trkpt>
      <trkpt lat="41.32578746415675" lon="-82.95526058413088">
        <ele>199.63</ele>
      </trkpt>
      <trkpt lat="41.32547968067229" lon="-82.95526335015893">
        <ele>199.77</ele>
      </trkpt>
      <trkpt lat="41.3251718133688" lon="-82.95526611618698">
        <ele>199.92</ele>
      </trkpt>
      <trkpt lat="41.324857994914055" lon="-82.95526896603405">
        <ele>200.08</ele>
      </trkpt>
      <trkpt lat="41.324561443179846" lon="-82.95527164824307">
        <ele>200.27</ele>
      </trkpt>
      <trkpt lat="41.324264807626605" lon="-82.95527424663305">
        <ele>200.49</ele>
      </trkpt>
      <trkpt lat="41.323968255892396" lon="-82.95527692884207">
        <ele>200.67</ele>
      </trkpt>
      <trkpt lat="41.32367170415819" lon="-82.95527961105108">
        <ele>200.87</ele>
      </trkpt>
      <trkpt lat="41.32337515242398" lon="-82.9552822932601">
        <ele>201.07</ele>
      </trkpt>
      <trkpt lat="41.32307860068977" lon="-82.95528497546911">
        <ele>201.28</ele>
      </trkpt>
      <trkpt lat="41.32278204895556" lon="-82.9552875738591">
        <ele>201.53</ele>
      </trkpt>
      <trkpt lat="41.32248549722135" lon="-82.95529025606811">
        <ele>201.77</ele>
      </trkpt>
      <trkpt lat="41.32218894548714" lon="-82.95529293827713">
        <ele>202.0</ele>
      </trkpt>
      <trkpt lat="41.32189239375293" lon="-82.95529562048614">
        <ele>202.23</ele>
      </trkpt>
      <trkpt lat="41.32159584201872" lon="-82.95529821887612">
        <ele>202.47</ele>
      </trkpt>
      <trkpt lat="41.321293925866485" lon="-82.95530098490417">
        <ele>202.71</ele>
      </trkpt>
      <trkpt lat="41.32098538801074" lon="-82.95530366711318">
        <ele>202.95</ele>
      </trkpt>
      <trkpt lat="41.320676850154996" lon="-82.9553063493222">
        <ele>203.24</ele>
      </trkpt>
      <trkpt lat="41.32036831229925" lon="-82.95530911535025">
        <ele>203.5</ele>
      </trkpt>
      <trkpt lat="41.32005977444351" lon="-82.95531179755926">
        <ele>203.77</ele>
      </trkpt>
      <trkpt lat="41.31975123658776" lon="-82.95531447976828">
        <ele>203.99</ele>
      </trkpt>
      <trkpt lat="41.31944269873202" lon="-82.95531724579632">
        <ele>204.24</ele>
      </trkpt>
      <trkpt lat="41.31913097575307" lon="-82.95531992800534">
        <ele>204.46</ele>
      </trkpt>
      <trkpt lat="41.31885537877679" lon="-82.95530894771218">
        <ele>204.72</ele>
      </trkpt>
      <trkpt lat="41.31857894361019" lon="-82.95529796741903">
        <ele>204.98</ele>
      </trkpt>
      <trkpt lat="41.3187010679394" lon="-82.95492572709918">
        <ele>205.18</ele>
      </trkpt>
      <trkpt lat="41.31882310844958" lon="-82.9545534029603">
        <ele>205.35</ele>
      </trkpt>
      <trkpt lat="41.318945148959756" lon="-82.95418116264045">
        <ele>205.53</ele>
      </trkpt>
      <trkpt lat="41.319067273288965" lon="-82.9538089223206">
        <ele>205.67</ele>
      </trkpt>
      <trkpt lat="41.31918931379914" lon="-82.95343668200076">
        <ele>205.81</ele>
      </trkpt>
      <trkpt lat="41.31931135430932" lon="-82.95306435786188">
        <ele>205.93</ele>
      </trkpt>
      <trkpt lat="41.31943347863853" lon="-82.95269211754203">
        <ele>206.04</ele>
      </trkpt>
      <trkpt lat="41.31955551914871" lon="-82.95231987722218">
        <ele>206.15</ele>
      </trkpt>
      <trkpt lat="41.319677559658885" lon="-82.95194763690233">
        <ele>206.22</ele>
      </trkpt>
      <trkpt lat="41.319799683988094" lon="-82.95157531276345">
        <ele>206.21</ele>
      </trkpt>
      <trkpt lat="41.31992172449827" lon="-82.9512030724436">
        <ele>206.28</ele>
      </trkpt>
      <trkpt lat="41.32004376500845" lon="-82.95083083212376">
        <ele>206.39</ele>
      </trkpt>
      <trkpt lat="41.32016588933766" lon="-82.95045850798488">
        <ele>206.47</ele>
      </trkpt>
      <trkpt lat="41.32028499618173" lon="-82.95009498484433">
        <ele>206.52</ele>
      </trkpt>
      <trkpt lat="41.32040720432997" lon="-82.94971930794418">
        <ele>206.6</ele>
      </trkpt>
      <trkpt lat="41.32052941247821" lon="-82.94934371486306">
        <ele>206.61</ele>
      </trkpt>
      <trkpt lat="41.32065162062645" lon="-82.94896803796291">
        <ele>206.6</ele>
      </trkpt>
      <trkpt lat="41.32077382877469" lon="-82.9485924448818">
        <ele>206.58</ele>
      </trkpt>
      <trkpt lat="41.32089494727552" lon="-82.94821995310485">
        <ele>206.58</ele>
      </trkpt>
      <trkpt lat="41.321015898138285" lon="-82.94785274192691">
        <ele>206.59</ele>
      </trkpt>
      <trkpt lat="41.32113676518202" lon="-82.94748553074896">
        <ele>206.56</ele>
      </trkpt>
      <trkpt lat="41.321257716044784" lon="-82.94711831957102">
        <ele>206.57</ele>
      </trkpt>
      <trkpt lat="41.32137858308852" lon="-82.94675110839307">
        <ele>206.54</ele>
      </trkpt>
      <trkpt lat="41.32149953395128" lon="-82.94638389721513">
        <ele>206.54</ele>
      </trkpt>
      <trkpt lat="41.321620400995016" lon="-82.94601668603718">
        <ele>206.51</ele>
      </trkpt>
      <trkpt lat="41.32174135185778" lon="-82.94564947485924">
        <ele>206.51</ele>
      </trkpt>
      <trkpt lat="41.321862218901515" lon="-82.94528226368129">
        <ele>206.5</ele>
      </trkpt>
      <trkpt lat="41.32198316976428" lon="-82.94491505250335">
        <ele>206.5</ele>
      </trkpt>
      <trkpt lat="41.32210194133222" lon="-82.94455396011472">
        <ele>206.47</ele>
      </trkpt>
      <trkpt lat="41.32221191190183" lon="-82.94427056796849">
        <ele>206.42</ele>
      </trkpt>
      <trkpt lat="41.32232179865241" lon="-82.94398709200323">
        <ele>206.36</ele>
      </trkpt>
      <trkpt lat="41.32243168540299" lon="-82.943703699857">
        <ele>206.27</ele>
      </trkpt>
      <trkpt lat="41.322540985420346" lon="-82.9434219840914">
        <ele>206.13</ele>
      </trkpt>
      <trkpt lat="41.322681130841374" lon="-82.94307094998658">
        <ele>206.01</ele>
      </trkpt>
      <trkpt lat="41.322820940986276" lon="-82.94272092171013">
        <ele>205.91</ele>
      </trkpt>
      <trkpt lat="41.32295161485672" lon="-82.9423809517175">
        <ele>205.96</ele>
      </trkpt>
      <trkpt lat="41.32308195345104" lon="-82.94204198755324">
        <ele>205.92</ele>
      </trkpt>
      <trkpt lat="41.32322318851948" lon="-82.9417020175606">
        <ele>205.88</ele>
      </trkpt>
      <trkpt lat="41.32336392067373" lon="-82.94136296957731">
        <ele>205.85</ele>
      </trkpt>
      <trkpt lat="41.32345008663833" lon="-82.94117772951722">
        <ele>205.83</ele>
      </trkpt>
      <trkpt lat="41.32353591732681" lon="-82.94099299237132">
        <ele>205.82</ele>
      </trkpt>
      <trkpt lat="41.32362803444266" lon="-82.94080674648285">
        <ele>205.82</ele>
      </trkpt>
      <trkpt lat="41.323719983920455" lon="-82.94062091968954">
        <ele>205.82</ele>
      </trkpt>
      <trkpt lat="41.323875803500414" lon="-82.94033383950591">
        <ele>205.85</ele>
      </trkpt>
      <trkpt lat="41.32403162308037" lon="-82.94004675932229">
        <ele>205.88</ele>
      </trkpt>
      <trkpt lat="41.32418744266033" lon="-82.93975959531963">
        <ele>205.92</ele>
      </trkpt>
      <trkpt lat="41.32434326224029" lon="-82.939472515136">
        <ele>205.98</ele>
      </trkpt>
      <trkpt lat="41.32449908182025" lon="-82.93918535113335">
        <ele>206.1</ele>
      </trkpt>
      <trkpt lat="41.32465397939086" lon="-82.93889994733036">
        <ele>206.19</ele>
      </trkpt>
      <trkpt lat="41.32479714229703" lon="-82.9386302176863">
        <ele>206.29</ele>
      </trkpt>
      <trkpt lat="41.32493996992707" lon="-82.93836099095643">
        <ele>206.38</ele>
      </trkpt>
      <trkpt lat="41.325069637969136" lon="-82.93810115195811">
        <ele>206.51</ele>
      </trkpt>
      <trkpt lat="41.32519897073507" lon="-82.93784198351204">
        <ele>206.64</ele>
      </trkpt>
      <trkpt lat="41.32533165626228" lon="-82.93755557388067">
        <ele>206.78</ele>
      </trkpt>
      <trkpt lat="41.325463922694325" lon="-82.93726991862059">
        <ele>206.93</ele>
      </trkpt>
      <trkpt lat="41.325623681768775" lon="-82.93691402301192">
        <ele>207.1</ele>
      </trkpt>
      <trkpt lat="41.325782937929034" lon="-82.93655896559358">
        <ele>207.27</ele>
      </trkpt>
      <trkpt lat="41.325913947075605" lon="-82.93623592704535">
        <ele>207.43</ele>
      </trkpt>
      <trkpt lat="41.32561421021819" lon="-82.93623517267406">
        <ele>207.67</ele>
      </trkpt>
      <trkpt lat="41.32531455717981" lon="-82.9362345021218">
        <ele>207.91</ele>
      </trkpt>
      <trkpt lat="41.325014820322394" lon="-82.93623374775052">
        <ele>208.14</ele>
      </trkpt>
      <trkpt lat="41.32471508346498" lon="-82.93623299337924">
        <ele>208.33</ele>
      </trkpt>
      <trkpt lat="41.324415346607566" lon="-82.93623223900795">
        <ele>208.55</ele>
      </trkpt>
      <trkpt lat="41.32411560975015" lon="-82.93623148463666">
        <ele>208.77</ele>
      </trkpt>
      <trkpt lat="41.32381595671177" lon="-82.93623073026538">
        <ele>208.99</ele>
      </trkpt>
      <trkpt lat="41.323516219854355" lon="-82.9362299758941">
        <ele>209.21</ele>
      </trkpt>
      <trkpt lat="41.32321648299694" lon="-82.93622922152281">
        <ele>209.49</ele>
      </trkpt>
      <trkpt lat="41.322916746139526" lon="-82.93622846715152">
        <ele>209.76</ele>
      </trkpt>
      <trkpt lat="41.322617093101144" lon="-82.93622771278024">
        <ele>209.96</ele>
      </trkpt>
      <trkpt lat="41.3223119918257" lon="-82.93622695840895">
        <ele>210.18</ele>
      </trkpt>
      <trkpt lat="41.32199968211353" lon="-82.93622620403767">
        <ele>210.4</ele>
      </trkpt>
      <trkpt lat="41.32168737240136" lon="-82.93622544966638">
        <ele>210.6</ele>
      </trkpt>
      <trkpt lat="41.32137514650822" lon="-82.9362246952951">
        <ele>210.78</ele>
      </trkpt>
      <trkpt lat="41.32106099277735" lon="-82.93622394092381">
        <ele>210.91</ele>
      </trkpt>
      <trkpt lat="41.3207648601383" lon="-82.93621606193483">
        <ele>211.03</ele>
      </trkpt>
      <trkpt lat="41.32046881131828" lon="-82.93620818294585">
        <ele>211.18</ele>
      </trkpt>
      <trkpt lat="41.32017276249826" lon="-82.93620022013783">
        <ele>211.26</ele>
      </trkpt>
      <trkpt lat="41.31987671367824" lon="-82.93619234114885">
        <ele>211.3</ele>
      </trkpt>
      <trkpt lat="41.31958066485822" lon="-82.93618446215987">
        <ele>211.34</ele>
      </trkpt>
      <trkpt lat="41.3192846160382" lon="-82.93617649935186">
        <ele>211.38</ele>
      </trkpt>
      <trkpt lat="41.318988567218184" lon="-82.93616862036288">
        <ele>211.38</ele>
      </trkpt>
      <trkpt lat="41.318692518398166" lon="-82.9361607413739">
        <ele>211.34</ele>
      </trkpt>
      <trkpt lat="41.31839646957815" lon="-82.93615277856588">
        <ele>211.29</ele>
      </trkpt>
      <trkpt lat="41.31810042075813" lon="-82.9361448995769">
        <ele>211.26</ele>
      </trkpt>
      <trkpt lat="41.31780428811908" lon="-82.93613702058792">
        <ele>211.28</ele>
      </trkpt>
      <trkpt lat="41.31750295870006" lon="-82.93612897396088">
        <ele>211.3</ele>
      </trkpt>
      <trkpt lat="41.317199282348156" lon="-82.9361309017986">
        <ele>211.32</ele>
      </trkpt>
      <trkpt lat="41.31689552217722" lon="-82.9361327458173">
        <ele>211.39</ele>
      </trkpt>
      <trkpt lat="41.316591845825315" lon="-82.93613467365503">
        <ele>211.44</ele>
      </trkpt>
      <trkpt lat="41.31628808565438" lon="-82.93613660149276">
        <ele>211.5</ele>
      </trkpt>
      <trkpt lat="41.31598440930247" lon="-82.93613852933049">
        <ele>211.58</ele>
      </trkpt>
      <trkpt lat="41.31568064913154" lon="-82.93614045716822">
        <ele>211.67</ele>
      </trkpt>
      <trkpt lat="41.31537697277963" lon="-82.93614238500595">
        <ele>211.81</ele>
      </trkpt>
      <trkpt lat="41.31507329642773" lon="-82.93614422902465">
        <ele>211.92</ele>
      </trkpt>
      <trkpt lat="41.31476953625679" lon="-82.93614615686238">
        <ele>212.04</ele>
      </trkpt>
      <trkpt lat="41.314465859904885" lon="-82.93614808470011">
        <ele>212.18</ele>
      </trkpt>
      <trkpt lat="41.31416209973395" lon="-82.93615001253784">
        <ele>212.35</ele>
      </trkpt>
      <trkpt lat="41.31385297514498" lon="-82.93615194037557">
        <ele>212.56</ele>
      </trkpt>
      <trkpt lat="41.31354259327054" lon="-82.93615696951747">
        <ele>212.74</ele>
      </trkpt>
      <trkpt lat="41.3132322113961" lon="-82.9361620824784">
        <ele>212.93</ele>
      </trkpt>
      <trkpt lat="41.312921829521656" lon="-82.9361671116203">
        <ele>213.09</ele>
      </trkpt>
      <trkpt lat="41.312611447647214" lon="-82.93617214076221">
        <ele>213.27</ele>
      </trkpt>
      <trkpt lat="41.31230098195374" lon="-82.93617725372314">
        <ele>213.43</ele>
      </trkpt>
      <trkpt lat="41.3119906000793" lon="-82.93618228286505">
        <ele>213.6</ele>
      </trkpt>
      <trkpt lat="41.311680218204856" lon="-82.93618731200695">
        <ele>213.75</ele>
      </trkpt>
      <trkpt lat="41.311369836330414" lon="-82.93619234114885">
        <ele>213.89</ele>
      </trkpt>
      <trkpt lat="41.31105945445597" lon="-82.93619745410979">
        <ele>214.05</ele>
      </trkpt>
      <trkpt lat="41.31074907258153" lon="-82.93620248325169">
        <ele>214.27</ele>
      </trkpt>
      <trkpt lat="41.31043869070709" lon="-82.9362075123936">
        <ele>214.44</ele>
      </trkpt>
      <trkpt lat="41.310128308832645" lon="-82.9362125415355">
        <ele>214.61</ele>
      </trkpt>
      <trkpt lat="41.3098179269582" lon="-82.93621765449643">
        <ele>214.78</ele>
      </trkpt>
      <trkpt lat="41.30950754508376" lon="-82.93622268363833">
        <ele>215.0</ele>
      </trkpt>
      <trkpt lat="41.30919716320932" lon="-82.93622771278024">
        <ele>215.15</ele>
      </trkpt>
      <trkpt lat="41.30888678133488" lon="-82.93623282574117">
        <ele>215.32</ele>
      </trkpt>
      <trkpt lat="41.308576399460435" lon="-82.93623785488307">
        <ele>215.48</ele>
      </trkpt>
      <trkpt lat="41.30826601758599" lon="-82.93624288402498">
        <ele>215.66</ele>
      </trkpt>
      <trkpt lat="41.30795555189252" lon="-82.93624791316688">
        <ele>215.9</ele>
      </trkpt>
      <trkpt lat="41.30764517001808" lon="-82.93625302612782">
        <ele>216.13</ele>
      </trkpt>
      <trkpt lat="41.307334788143635" lon="-82.93625805526972">
        <ele>216.36</ele>
      </trkpt>
      <trkpt lat="41.30702440626919" lon="-82.93626308441162">
        <ele>216.56</ele>
      </trkpt>
      <trkpt lat="41.30671402439475" lon="-82.93626811355352">
        <ele>216.8</ele>
      </trkpt>
      <trkpt lat="41.30640364252031" lon="-82.93627322651446">
        <ele>217.04</ele>
      </trkpt>
      <trkpt lat="41.306093260645866" lon="-82.93627825565636">
        <ele>217.26</ele>
      </trkpt>
      <trkpt lat="41.305782878771424" lon="-82.93628328479826">
        <ele>217.45</ele>
      </trkpt>
      <trkpt lat="41.30547249689698" lon="-82.93628831394017">
        <ele>217.67</ele>
      </trkpt>
      <trkpt lat="41.30516211502254" lon="-82.9362934269011">
        <ele>217.93</ele>
      </trkpt>
      <trkpt lat="41.3048517331481" lon="-82.936298456043">
        <ele>218.22</ele>
      </trkpt>
      <trkpt lat="41.304541351273656" lon="-82.93630348518491">
        <ele>218.48</ele>
      </trkpt>
      <trkpt lat="41.304230969399214" lon="-82.93630859814584">
        <ele>218.74</ele>
      </trkpt>
      <trkpt lat="41.30392058752477" lon="-82.93631362728775">
        <ele>219.02</ele>
      </trkpt>
      <trkpt lat="41.30361020565033" lon="-82.93631865642965">
        <ele>219.3</ele>
      </trkpt>
      <trkpt lat="41.30328398197889" lon="-82.93632393702865">
        <ele>219.59</ele>
      </trkpt>
      <trkpt lat="41.302987933158875" lon="-82.93632494285703">
        <ele>219.93</ele>
      </trkpt>
      <trkpt lat="41.30269096232951" lon="-82.93632594868541">
        <ele>220.29</ele>
      </trkpt>
      <trkpt lat="41.30252969451249" lon="-82.936298456043">
        <ele>220.59</ele>
      </trkpt>
      <trkpt lat="41.302367923781276" lon="-82.9362709634006">
        <ele>220.89</ele>
      </trkpt>
      <trkpt lat="41.302215959876776" lon="-82.93619493953884">
        <ele>221.2</ele>
      </trkpt>
      <trkpt lat="41.30236063152552" lon="-82.93586829677224">
        <ele>221.55</ele>
      </trkpt>
      <trkpt lat="41.30250530317426" lon="-82.93554157018661">
        <ele>221.83</ele>
      </trkpt>
      <trkpt lat="41.30265005864203" lon="-82.93521492742002">
        <ele>222.1</ele>
      </trkpt>
      <trkpt lat="41.302793975919485" lon="-82.93488996103406">
        <ele>222.39</ele>
      </trkpt>
      <trkpt lat="41.30293345078826" lon="-82.93455577455461">
        <ele>222.66</ele>
      </trkpt>
      <trkpt lat="41.303072925657034" lon="-82.93422158807516">
        <ele>222.88</ele>
      </trkpt>
      <trkpt lat="41.30321240052581" lon="-82.93388740159571">
        <ele>223.05</ele>
      </trkpt>
      <trkpt lat="41.30335187539458" lon="-82.93355321511626">
        <ele>223.26</ele>
      </trkpt>
      <trkpt lat="41.30349135026336" lon="-82.93321902863681">
        <ele>223.41</ele>
      </trkpt>
      <trkpt lat="41.30363082513213" lon="-82.9328849259764">
        <ele>223.57</ele>
      </trkpt>
      <trkpt lat="41.3037689588964" lon="-82.93255392462015">
        <ele>223.66</ele>
      </trkpt>
      <trkpt lat="41.303910026326776" lon="-82.9322163015604">
        <ele>223.79</ele>
      </trkpt>
      <trkpt lat="41.30405100993812" lon="-82.93187867850065">
        <ele>223.85</ele>
      </trkpt>
      <trkpt lat="41.3041920773685" lon="-82.9315410554409">
        <ele>223.95</ele>
      </trkpt>
      <trkpt lat="41.30433306097984" lon="-82.93120343238115">
        <ele>223.97</ele>
      </trkpt>
      <trkpt lat="41.30447412841022" lon="-82.9308658093214">
        <ele>224.0</ele>
      </trkpt>
      <trkpt lat="41.30461393855512" lon="-82.9305309522897">
        <ele>224.08</ele>
      </trkpt>
      <trkpt lat="41.30473690107465" lon="-82.93021629564464">
        <ele>224.1</ele>
      </trkpt>
      <trkpt lat="41.304859947413206" lon="-82.92990163899958">
        <ele>224.09</ele>
      </trkpt>
      <trkpt lat="41.30498290993273" lon="-82.92958698235452">
        <ele>224.07</ele>
      </trkpt>
      <trkpt lat="41.30510587245226" lon="-82.92927232570946">
        <ele>223.99</ele>
      </trkpt>
      <trkpt lat="41.30522799678147" lon="-82.92895993217826">
        <ele>223.92</ele>
      </trkpt>
      <trkpt lat="41.305369567126036" lon="-82.92859791778028">
        <ele>223.87</ele>
      </trkpt>
      <trkpt lat="41.3055111374706" lon="-82.92823581956327">
        <ele>223.78</ele>
      </trkpt>
      <trkpt lat="41.30565270781517" lon="-82.92787372134626">
        <ele>223.73</ele>
      </trkpt>
      <trkpt lat="41.30579427815974" lon="-82.92751162312925">
        <ele>223.64</ele>
      </trkpt>
      <trkpt lat="41.305935848504305" lon="-82.92714960873127">
        <ele>223.56</ele>
      </trkpt>
      <trkpt lat="41.30607741884887" lon="-82.92678751051426">
        <ele>223.51</ele>
      </trkpt>
      <trkpt lat="41.30621898919344" lon="-82.92642541229725">
        <ele>223.44</ele>
      </trkpt>
      <trkpt lat="41.30636055953801" lon="-82.92606331408024">
        <ele>223.34</ele>
      </trkpt>
      <trkpt lat="41.306502129882574" lon="-82.92570129968226">
        <ele>223.25</ele>
      </trkpt>
      <trkpt lat="41.30664378404617" lon="-82.92533920146525">
        <ele>223.18</ele>
      </trkpt>
      <trkpt lat="41.30678292363882" lon="-82.92498297058046">
        <ele>223.1</ele>
      </trkpt>
      <trkpt lat="41.306931199505925" lon="-82.9246183577925">
        <ele>223.01</ele>
      </trkpt>
      <trkpt lat="41.307079391554" lon="-82.9242536611855">
        <ele>222.9</ele>
      </trkpt>
      <trkpt lat="41.3072276674211" lon="-82.92388904839754">
        <ele>222.82</ele>
      </trkpt>
      <trkpt lat="41.307375859469175" lon="-82.92352443560958">
        <ele>222.75</ele>
      </trkpt>
      <trkpt lat="41.30752405151725" lon="-82.92315973900259">
        <ele>222.68</ele>
      </trkpt>
      <trkpt lat="41.30767232738435" lon="-82.92279512621462">
        <ele>222.62</ele>
      </trkpt>
      <trkpt lat="41.307820519432425" lon="-82.92243051342666">
        <ele>222.58</ele>
      </trkpt>
      <trkpt lat="41.3079687114805" lon="-82.92206581681967">
        <ele>222.49</ele>
      </trkpt>
      <trkpt lat="41.3081169873476" lon="-82.9217012040317">
        <ele>222.44</ele>
      </trkpt>
      <trkpt lat="41.308265179395676" lon="-82.92133659124374">
        <ele>222.37</ele>
      </trkpt>
      <trkpt lat="41.30841337144375" lon="-82.92097189463675">
        <ele>222.33</ele>
      </trkpt>
      <trkpt lat="41.30856164731085" lon="-82.92060728184879">
        <ele>222.27</ele>
      </trkpt>
      <trkpt lat="41.308709839358926" lon="-82.9202425852418">
        <ele>222.25</ele>
      </trkpt>
      <trkpt lat="41.30885811522603" lon="-82.91987797245383">
        <ele>222.2</ele>
      </trkpt>
      <trkpt lat="41.3090063072741" lon="-82.91951327584684">
        <ele>222.09</ele>
      </trkpt>
      <trkpt lat="41.309154499322176" lon="-82.91914866305888">
        <ele>221.98</ele>
      </trkpt>
      <trkpt lat="41.30930277518928" lon="-82.91878405027092">
        <ele>221.88</ele>
      </trkpt>
      <trkpt lat="41.30945096723735" lon="-82.91841935366392">
        <ele>221.8</ele>
      </trkpt>
      <trkpt lat="41.309599159285426" lon="-82.91805474087596">
        <ele>221.67</ele>
      </trkpt>
      <trkpt lat="41.30974743515253" lon="-82.91769004426897">
        <ele>221.57</ele>
      </trkpt>
      <trkpt lat="41.3098956272006" lon="-82.917325431481">
        <ele>221.5</ele>
      </trkpt>
      <trkpt lat="41.31003895774484" lon="-82.91697196662426">
        <ele>221.39</ele>
      </trkpt>
      <trkpt lat="41.31017851643264" lon="-82.91662914678454">
        <ele>221.22</ele>
      </trkpt>
      <trkpt lat="41.31031799130142" lon="-82.91628632694483">
        <ele>221.03</ele>
      </trkpt>
      <trkpt lat="41.310456963256" lon="-82.91594493202865">
        <ele>220.94</ele>
      </trkpt>
      <trkpt lat="41.310588140040636" lon="-82.91562281548977">
        <ele>220.88</ele>
      </trkpt>
      <trkpt lat="41.31071931682527" lon="-82.91530069895089">
        <ele>220.8</ele>
      </trkpt>
      <trkpt lat="41.310849990695715" lon="-82.91497992351651">
        <ele>220.72</ele>
      </trkpt>
      <trkpt lat="41.31098477169871" lon="-82.91465009562671">
        <ele>220.66</ele>
      </trkpt>
      <trkpt lat="41.31111955270171" lon="-82.91432018391788">
        <ele>220.66</ele>
      </trkpt>
      <trkpt lat="41.31125433370471" lon="-82.91399035602808">
        <ele>220.64</ele>
      </trkpt>
      <trkpt lat="41.31138911470771" lon="-82.91366044431925">
        <ele>220.56</ele>
      </trkpt>
      <trkpt lat="41.31152297370136" lon="-82.91333296336234">
        <ele>220.53</ele>
      </trkpt>
      <trkpt lat="41.31165792234242" lon="-82.91300296783447">
        <ele>220.46</ele>
      </trkpt>
      <trkpt lat="41.31179287098348" lon="-82.91267305612564">
        <ele>220.43</ele>
      </trkpt>
      <trkpt lat="41.31192781962454" lon="-82.91234306059778">
        <ele>220.37</ele>
      </trkpt>
      <trkpt lat="41.31206193007529" lon="-82.91201499290764">
        <ele>220.31</ele>
      </trkpt>
      <trkpt lat="41.312178522348404" lon="-82.91170025244355">
        <ele>220.25</ele>
      </trkpt>
      <trkpt lat="41.31229511462152" lon="-82.91138559579849">
        <ele>220.21</ele>
      </trkpt>
      <trkpt lat="41.312411706894636" lon="-82.9110708553344">
        <ele>220.17</ele>
      </trkpt>
      <trkpt lat="41.31252829916775" lon="-82.91075619868934">
        <ele>220.12</ele>
      </trkpt>
      <trkpt lat="41.31264396943152" lon="-82.9104439727962">
        <ele>220.09</ele>
      </trkpt>
      <trkpt lat="41.312778582796454" lon="-82.91008086875081">
        <ele>220.15</ele>
      </trkpt>
      <trkpt lat="41.31291319616139" lon="-82.90971776470542">
        <ele>220.19</ele>
      </trkpt>
      <trkpt lat="41.31304772570729" lon="-82.90935466066003">
        <ele>220.29</ele>
      </trkpt>
      <trkpt lat="41.31318233907223" lon="-82.90899155661464">
        <ele>220.39</ele>
      </trkpt>
      <trkpt lat="41.31331695243716" lon="-82.90862853638828">
        <ele>220.49</ele>
      </trkpt>
      <trkpt lat="41.3134515658021" lon="-82.90826543234289">
        <ele>220.57</ele>
      </trkpt>
      <trkpt lat="41.31358617916703" lon="-82.9079023282975">
        <ele>220.66</ele>
      </trkpt>
      <trkpt lat="41.31372079253197" lon="-82.9075392242521">
        <ele>220.79</ele>
      </trkpt>
      <trkpt lat="41.31385532207787" lon="-82.90717612020671">
        <ele>220.91</ele>
      </trkpt>
      <trkpt lat="41.313989935442805" lon="-82.90681301616132">
        <ele>221.04</ele>
      </trkpt>
      <trkpt lat="41.31412454880774" lon="-82.90644991211593">
        <ele>221.11</ele>
      </trkpt>
      <trkpt lat="41.314259162172675" lon="-82.90608680807054">
        <ele>221.22</ele>
      </trkpt>
      <trkpt lat="41.31439092569053" lon="-82.90573099628091">
        <ele>221.3</ele>
      </trkpt>
      <trkpt lat="41.31452067755163" lon="-82.90542128495872">
        <ele>221.34</ele>
      </trkpt>
      <trkpt lat="41.31465034559369" lon="-82.90511157363653">
        <ele>221.4</ele>
      </trkpt>
      <trkpt lat="41.314780013635755" lon="-82.90480194613338">
        <ele>221.51</ele>
      </trkpt>
      <trkpt lat="41.31490892730653" lon="-82.90449399501085">
        <ele>221.68</ele>
      </trkpt>
      <trkpt lat="41.31503767333925" lon="-82.90418654680252">
        <ele>221.86</ele>
      </trkpt>
      <trkpt lat="41.31516591645777" lon="-82.9038799367845">
        <ele>222.03</ele>
      </trkpt>
      <trkpt lat="41.31531352177262" lon="-82.9035572335124">
        <ele>222.11</ele>
      </trkpt>
      <trkpt lat="41.31546104326844" lon="-82.90323444642127">
        <ele>222.24</ele>
      </trkpt>
      <trkpt lat="41.31560797803104" lon="-82.9029129166156">
        <ele>222.3</ele>
      </trkpt>
      <trkpt lat="41.31575499661267" lon="-82.90259096771479">
        <ele>222.37</ele>
      </trkpt>
      <trkpt lat="41.31588416174054" lon="-82.90228553116322">
        <ele>222.48</ele>
      </trkpt>
      <trkpt lat="41.316013326868415" lon="-82.90198009461164">
        <ele>222.58</ele>
      </trkpt>
      <trkpt lat="41.31614249199629" lon="-82.90167465806007">
        <ele>222.62</ele>
      </trkpt>
      <trkpt lat="41.31627165712416" lon="-82.90136930532753">
        <ele>222.68</ele>
      </trkpt>
      <trkpt lat="41.31639998406172" lon="-82.90106596425176">
        <ele>222.7</ele>
      </trkpt>
      <trkpt lat="41.31652914918959" lon="-82.90076052770019">
        <ele>222.68</ele>
      </trkpt>
      <trkpt lat="41.31665797904134" lon="-82.90045592933893">
        <ele>222.61</ele>
      </trkpt>
      <trkpt lat="41.31680214777589" lon="-82.90008377283812">
        <ele>222.54</ele>
      </trkpt>
      <trkpt lat="41.31694640032947" lon="-82.8997116163373">
        <ele>222.58</ele>
      </trkpt>
      <trkpt lat="41.31709065288305" lon="-82.89933937601745">
        <ele>222.65</ele>
      </trkpt>
      <trkpt lat="41.3172348216176" lon="-82.89896721951663">
        <ele>222.66</ele>
      </trkpt>
      <trkpt lat="41.317379074171185" lon="-82.89859506301582">
        <ele>222.67</ele>
      </trkpt>
      <trkpt lat="41.31752332672477" lon="-82.89822282269597">
        <ele>222.64</ele>
      </trkpt>
      <trkpt lat="41.31766749545932" lon="-82.89785066619515">
        <ele>222.59</ele>
      </trkpt>
      <trkpt lat="41.3178117480129" lon="-82.8974784258753">
        <ele>222.57</ele>
      </trkpt>
      <trkpt lat="41.31795591674745" lon="-82.89710626937449">
        <ele>222.6</ele>
      </trkpt>
      <trkpt lat="41.31810016930103" lon="-82.89673411287367">
        <ele>222.57</ele>
      </trkpt>
      <trkpt lat="41.318241991102695" lon="-82.89636799134314">
        <ele>222.58</ele>
      </trkpt>
      <trkpt lat="41.31837056949735" lon="-82.89602207019925">
        <ele>222.5</ele>
      </trkpt>
      <trkpt lat="41.318499147892" lon="-82.89567606523633">
        <ele>222.45</ele>
      </trkpt>
      <trkpt lat="41.31862772628665" lon="-82.89533014409244">
        <ele>222.39</ele>
      </trkpt>
      <trkpt lat="41.31875638850033" lon="-82.89498422294855">
        <ele>222.32</ele>
      </trkpt>
      <trkpt lat="41.318884966894984" lon="-82.89463830180466">
        <ele>222.27</ele>
      </trkpt>
      <trkpt lat="41.319013545289636" lon="-82.89429238066077">
        <ele>222.23</ele>
      </trkpt>
      <trkpt lat="41.31914220750332" lon="-82.89394645951688">
        <ele>222.19</ele>
      </trkpt>
      <trkpt lat="41.31927078589797" lon="-82.893600538373">
        <ele>222.16</ele>
      </trkpt>
      <trkpt lat="41.31939936429262" lon="-82.8932546172291">
        <ele>222.12</ele>
      </trkpt>
      <trkpt lat="41.31952593103051" lon="-82.89291397668421">
        <ele>222.11</ele>
      </trkpt>
      <trkpt lat="41.319642858579755" lon="-82.89262253791094">
        <ele>222.09</ele>
      </trkpt>
      <trkpt lat="41.319759786129" lon="-82.89233109913766">
        <ele>222.08</ele>
      </trkpt>
      <trkpt lat="41.31987671367824" lon="-82.89203966036439">
        <ele>222.11</ele>
      </trkpt>
      <trkpt lat="41.31999297067523" lon="-82.89174998179078">
        <ele>222.12</ele>
      </trkpt>
      <trkpt lat="41.32014937698841" lon="-82.8913966845721">
        <ele>222.14</ele>
      </trkpt>
      <trkpt lat="41.32030578330159" lon="-82.89104347117245">
        <ele>222.14</ele>
      </trkpt>
      <trkpt lat="41.320462273433805" lon="-82.8906902577728">
        <ele>222.15</ele>
      </trkpt>
      <trkpt lat="41.320618679746985" lon="-82.89033704437315">
        <ele>222.19</ele>
      </trkpt>
      <trkpt lat="41.320775086060166" lon="-82.88998374715447">
        <ele>222.24</ele>
      </trkpt>
      <trkpt lat="41.32093149237335" lon="-82.88963053375483">
        <ele>222.27</ele>
      </trkpt>
      <trkpt lat="41.32108798250556" lon="-82.88927732035518">
        <ele>222.35</ele>
      </trkpt>
      <trkpt lat="41.32124438881874" lon="-82.8889240231365">
        <ele>222.38</ele>
      </trkpt>
      <trkpt lat="41.32140079513192" lon="-82.88857080973685">
        <ele>222.48</ele>
      </trkpt>
      <trkpt lat="41.3215572014451" lon="-82.88821751251817">
        <ele>222.55</ele>
      </trkpt>
      <trkpt lat="41.321713607758284" lon="-82.88786429911852">
        <ele>222.65</ele>
      </trkpt>
      <trkpt lat="41.321870097890496" lon="-82.88751108571887">
        <ele>222.72</ele>
      </trkpt>
      <trkpt lat="41.32202650420368" lon="-82.88715778850019">
        <ele>222.85</ele>
      </trkpt>
      <trkpt lat="41.32217997685075" lon="-82.88681094534695">
        <ele>222.95</ele>
      </trkpt>
      <trkpt lat="41.32233303040266" lon="-82.88646527566016">
        <ele>223.09</ele>
      </trkpt>
      <trkpt lat="41.32248600013554" lon="-82.88611960597336">
        <ele>223.23</ele>
      </trkpt>
      <trkpt lat="41.32263905368745" lon="-82.88577385246754">
        <ele>223.39</ele>
      </trkpt>
      <trkpt lat="41.322792107239366" lon="-82.88542818278074">
        <ele>223.55</ele>
      </trkpt>
      <trkpt lat="41.32294516079128" lon="-82.88508251309395">
        <ele>223.69</ele>
      </trkpt>
      <trkpt lat="41.32309821434319" lon="-82.88473675958812">
        <ele>223.84</ele>
      </trkpt>
      <trkpt lat="41.3232512678951" lon="-82.88439108990133">
        <ele>223.97</ele>
      </trkpt>
      <trkpt lat="41.32340423762798" lon="-82.88404542021453">
        <ele>224.09</ele>
      </trkpt>
      <trkpt lat="41.323557291179895" lon="-82.88369966670871">
        <ele>224.22</ele>
      </trkpt>
      <trkpt lat="41.32371034473181" lon="-82.88335399702191">
        <ele>224.36</ele>
      </trkpt>
      <trkpt lat="41.32386339828372" lon="-82.88300824351609">
        <ele>224.48</ele>
      </trkpt>
      <trkpt lat="41.32401393726468" lon="-82.88266793824732">
        <ele>224.56</ele>
      </trkpt>
      <trkpt lat="41.324172941967845" lon="-82.88233811035752">
        <ele>224.64</ele>
      </trkpt>
      <trkpt lat="41.32433186285198" lon="-82.88200828246772">
        <ele>224.66</ele>
      </trkpt>
      <trkpt lat="41.32449086755514" lon="-82.88167845457792">
        <ele>224.69</ele>
      </trkpt>
      <trkpt lat="41.324649788439274" lon="-82.88134854286909">
        <ele>224.71</ele>
      </trkpt>
      <trkpt lat="41.32480879314244" lon="-82.88101871497929">
        <ele>224.69</ele>
      </trkpt>
      <trkpt lat="41.32496771402657" lon="-82.88068888708949">
        <ele>224.71</ele>
      </trkpt>
      <trkpt lat="41.325126718729734" lon="-82.88035905919969">
        <ele>224.65</ele>
      </trkpt>
      <trkpt lat="41.32528563961387" lon="-82.88002923130989">
        <ele>224.63</ele>
      </trkpt>
      <trkpt lat="41.32544464431703" lon="-82.87969931960106">
        <ele>224.59</ele>
      </trkpt>
      <trkpt lat="41.32560356520116" lon="-82.87936949171126">
        <ele>224.52</ele>
      </trkpt>
      <trkpt lat="41.32576256990433" lon="-82.87903966382146">
        <ele>224.49</ele>
      </trkpt>
      <trkpt lat="41.32592149078846" lon="-82.87870983593166">
        <ele>224.43</ele>
      </trkpt>
      <trkpt lat="41.32607798092067" lon="-82.87838495336473">
        <ele>224.36</ele>
      </trkpt>
      <trkpt lat="41.326233046129346" lon="-82.8780666925013">
        <ele>224.3</ele>
      </trkpt>
      <trkpt lat="41.32638811133802" lon="-82.87774843163788">
        <ele>224.21</ele>
      </trkpt>
      <trkpt lat="41.32654317654669" lon="-82.87743017077446">
        <ele>224.1</ele>
      </trkpt>
      <trkpt lat="41.326698241755366" lon="-82.87711190991104">
        <ele>224.04</ele>
      </trkpt>
      <trkpt lat="41.32685330696404" lon="-82.87679364904761">
        <ele>223.97</ele>
      </trkpt>
      <trkpt lat="41.32700837217271" lon="-82.87647538818419">
        <ele>223.87</ele>
      </trkpt>
      <trkpt lat="41.32716343738139" lon="-82.87615712732077">
        <ele>223.77</ele>
      </trkpt>
      <trkpt lat="41.32731858640909" lon="-82.87583886645734">
        <ele>223.63</ele>
      </trkpt>
      <trkpt lat="41.32747197523713" lon="-82.87552395835519">
        <ele>223.54</ele>
      </trkpt>
      <trkpt lat="41.32764212787151" lon="-82.87518734112382">
        <ele>223.46</ele>
      </trkpt>
      <trkpt lat="41.32781236432493" lon="-82.87485080771148">
        <ele>223.34</ele>
      </trkpt>
      <trkpt lat="41.32798251695931" lon="-82.87451419048011">
        <ele>223.23</ele>
      </trkpt>
      <trkpt lat="41.32815275341272" lon="-82.87417757324874">
        <ele>223.12</ele>
      </trkpt>
      <trkpt lat="41.328322906047106" lon="-82.8738410398364">
        <ele>222.98</ele>
      </trkpt>
      <trkpt lat="41.32849314250052" lon="-82.87350442260504">
        <ele>222.84</ele>
      </trkpt>
      <trkpt lat="41.3286632951349" lon="-82.87316780537367">
        <ele>222.72</ele>
      </trkpt>
      <trkpt lat="41.328833531588316" lon="-82.8728311881423">
        <ele>222.61</ele>
      </trkpt>
      <trkpt lat="41.32900192402303" lon="-82.8724979236722">
        <ele>222.51</ele>
      </trkpt>
      <trkpt lat="41.32916419766843" lon="-82.87214957177639">
        <ele>222.41</ele>
      </trkpt>
      <trkpt lat="41.3293263874948" lon="-82.87180113606155">
        <ele>222.32</ele>
      </trkpt>
      <trkpt lat="41.32948857732117" lon="-82.87145270034671">
        <ele>222.21</ele>
      </trkpt>
      <trkpt lat="41.32965076714754" lon="-82.87110426463187">
        <ele>222.15</ele>
      </trkpt>
      <trkpt lat="41.32981295697391" lon="-82.87075582891703">
        <ele>222.07</ele>
      </trkpt>
      <trkpt lat="41.32997523061931" lon="-82.87040739320219">
        <ele>222.0</ele>
      </trkpt>
      <trkpt lat="41.33013742044568" lon="-82.87005895748734">
        <ele>221.97</ele>
      </trkpt>
      <trkpt lat="41.33029961027205" lon="-82.8697105217725">
        <ele>221.96</ele>
      </trkpt>
      <trkpt lat="41.33046180009842" lon="-82.86936208605766">
        <ele>221.96</ele>
      </trkpt>
      <trkpt lat="41.33062398992479" lon="-82.86901365034282">
        <ele>221.96</ele>
      </trkpt>
      <trkpt lat="41.3307839166373" lon="-82.86866999231279">
        <ele>221.96</ele>
      </trkpt>
      <trkpt lat="41.3309171050787" lon="-82.8683708421886">
        <ele>222.01</ele>
      </trkpt>
      <trkpt lat="41.33105029352009" lon="-82.8680716920644">
        <ele>222.08</ele>
      </trkpt>
      <trkpt lat="41.33118348196149" lon="-82.86777254194021">
        <ele>222.14</ele>
      </trkpt>
      <trkpt lat="41.33131599985063" lon="-82.86747498437762">
        <ele>222.26</ele>
      </trkpt>
      <trkpt lat="41.33144650608301" lon="-82.86715789698064">
        <ele>222.42</ele>
      </trkpt>
      <trkpt lat="41.331577096134424" lon="-82.8668408934027">
        <ele>222.65</ele>
      </trkpt>
      <trkpt lat="41.33170768618584" lon="-82.86652380600572">
        <ele>222.83</ele>
      </trkpt>
      <trkpt lat="41.33183827623725" lon="-82.86620680242777">
        <ele>222.99</ele>
      </trkpt>
      <trkpt lat="41.33196794427931" lon="-82.86589197814465">
        <ele>223.14</ele>
      </trkpt>
      <trkpt lat="41.33209861814976" lon="-82.86557480692863">
        <ele>223.33</ele>
      </trkpt>
      <trkpt lat="41.3322292920202" lon="-82.86525771953166">
        <ele>223.46</ele>
      </trkpt>
      <trkpt lat="41.33236004970968" lon="-82.86494063213468">
        <ele>223.62</ele>
      </trkpt>
      <trkpt lat="41.33249072358012" lon="-82.86462346091866">
        <ele>223.71</ele>
      </trkpt>
      <trkpt lat="41.332621397450566" lon="-82.86430637352169">
        <ele>223.79</ele>
      </trkpt>
      <trkpt lat="41.3327509816736" lon="-82.86399196833372">
        <ele>223.9</ele>
      </trkpt>
      <trkpt lat="41.33290017955005" lon="-82.86362953484058">
        <ele>224.05</ele>
      </trkpt>
      <trkpt lat="41.333049377426505" lon="-82.86326710134745">
        <ele>224.16</ele>
      </trkpt>
      <trkpt lat="41.33319857530296" lon="-82.86290466785431">
        <ele>224.26</ele>
      </trkpt>
      <trkpt lat="41.333347856998444" lon="-82.86254223436117">
        <ele>224.34</ele>
      </trkpt>
      <trkpt lat="41.3334970548749" lon="-82.86217980086803">
        <ele>224.41</ele>
      </trkpt>
      <trkpt lat="41.33364625275135" lon="-82.8618173673749">
        <ele>224.47</ele>
      </trkpt>
      <trkpt lat="41.333795450627804" lon="-82.86145493388176">
        <ele>224.51</ele>
      </trkpt>
      <trkpt lat="41.33394473232329" lon="-82.86109250038862">
        <ele>224.54</ele>
      </trkpt>
      <trkpt lat="41.33409393019974" lon="-82.86073006689548">
        <ele>224.56</ele>
      </trkpt>
      <trkpt lat="41.334243128076196" lon="-82.86036763340235">
        <ele>224.56</ele>
      </trkpt>
      <trkpt lat="41.33439232595265" lon="-82.86000519990921">
        <ele>224.55</ele>
      </trkpt>
      <trkpt lat="41.334541607648134" lon="-82.85964276641607">
        <ele>224.52</ele>
      </trkpt>
      <trkpt lat="41.33469080552459" lon="-82.85928033292294">
        <ele>224.48</ele>
      </trkpt>
      <trkpt lat="41.3348369859159" lon="-82.85892494022846">
        <ele>224.45</ele>
      </trkpt>
      <trkpt lat="41.334970174357295" lon="-82.85860885865986">
        <ele>224.39</ele>
      </trkpt>
      <trkpt lat="41.33510336279869" lon="-82.85829277709126">
        <ele>224.29</ele>
      </trkpt>
      <trkpt lat="41.335235964506865" lon="-82.85797795280814">
        <ele>224.22</ele>
      </trkpt>
      <trkpt lat="41.335368901491165" lon="-82.85766178742051">
        <ele>224.02</ele>
      </trkpt>
      <trkpt lat="41.335501838475466" lon="-82.85734562203288">
        <ele>223.85</ele>
      </trkpt>
      <trkpt lat="41.335634775459766" lon="-82.85702937282622">
        <ele>223.65</ele>
      </trkpt>
      <trkpt lat="41.33576695807278" lon="-82.85671496763825">
        <ele>223.49</ele>
      </trkpt>
      <trkpt lat="41.335899978876114" lon="-82.85639871843159">
        <ele>223.33</ele>
      </trkpt>
      <trkpt lat="41.336032999679446" lon="-82.8560823854059">
        <ele>223.2</ele>
      </trkpt>
      <trkpt lat="41.33616602048278" lon="-82.85576613619924">
        <ele>223.09</ele>
      </trkpt>
      <trkpt lat="41.33629904128611" lon="-82.85544988699257">
        <ele>222.96</ele>
      </trkpt>
      <trkpt lat="41.33643206208944" lon="-82.85513363778591">
        <ele>222.78</ele>
      </trkpt>
      <trkpt lat="41.33656399324536" lon="-82.85481998696923">
        <ele>222.58</ele>
      </trkpt>
      <trkpt lat="41.33669667877257" lon="-82.85450348630548">
        <ele>222.36</ele>
      </trkpt>
      <trkpt lat="41.336828945204616" lon="-82.8541879914701">
        <ele>222.16</ele>
      </trkpt>
      <trkpt lat="41.33696213364601" lon="-82.85387174226344">
        <ele>221.95</ele>
      </trkpt>
      <trkpt lat="41.33709532208741" lon="-82.8535555768758">
        <ele>221.74</ele>
      </trkpt>
      <trkpt lat="41.3372285105288" lon="-82.85323941148818">
        <ele>221.6</ele>
      </trkpt>
      <trkpt lat="41.33736094459891" lon="-82.85292492248118">
        <ele>221.5</ele>
      </trkpt>
      <trkpt lat="41.33749010972679" lon="-82.85261370241642">
        <ele>221.49</ele>
      </trkpt>
      <trkpt lat="41.33761935867369" lon="-82.85230248235166">
        <ele>221.51</ele>
      </trkpt>
      <trkpt lat="41.337748523801565" lon="-82.8519912622869">
        <ele>221.57</ele>
      </trkpt>
      <trkpt lat="41.33787768892944" lon="-82.85168004222214">
        <ele>221.66</ele>
      </trkpt>
      <trkpt lat="41.33800593204796" lon="-82.85137091763318">
        <ele>221.82</ele>
      </trkpt>
      <trkpt lat="41.33815236389637" lon="-82.85101125016809">
        <ele>221.98</ele>
      </trkpt>
      <trkpt lat="41.33829879574478" lon="-82.85065149888396">
        <ele>222.24</ele>
      </trkpt>
      <trkpt lat="41.33844522759318" lon="-82.85029183141887">
        <ele>222.53</ele>
      </trkpt>
      <trkpt lat="41.33859157562256" lon="-82.84993208013475">
        <ele>222.89</ele>
      </trkpt>
      <trkpt lat="41.33873691782355" lon="-82.84957492724061">
        <ele>223.26</ele>
      </trkpt>
      <trkpt lat="41.33886281400919" lon="-82.84926655702293">
        <ele>223.71</ele>
      </trkpt>
      <trkpt lat="41.338988626375794" lon="-82.84895810298622">
        <ele>224.22</ele>
      </trkpt>
      <trkpt lat="41.33911393582821" lon="-82.84865099005401">
        <ele>224.79</ele>
      </trkpt>
      <trkpt lat="41.33924460969865" lon="-82.84833122044802">
        <ele>225.38</ele>
      </trkpt>
      <trkpt lat="41.33937536738813" lon="-82.84801153466105">
        <ele>225.97</ele>
      </trkpt>
      <trkpt lat="41.33950604125857" lon="-82.84769184887409">
        <ele>226.59</ele>
      </trkpt>
      <trkpt lat="41.33963596075773" lon="-82.8473739232868">
        <ele>227.23</ele>
      </trkpt>
      <trkpt lat="41.33977166377008" lon="-82.84704350866377">
        <ele>227.94</ele>
      </trkpt>
      <trkpt lat="41.33990736678243" lon="-82.84671301022172">
        <ele>228.66</ele>
      </trkpt>
      <trkpt lat="41.340043069794774" lon="-82.8463825955987">
        <ele>229.41</ele>
      </trkpt>
      <trkpt lat="41.34017877280712" lon="-82.84605209715664">
        <ele>230.12</ele>
      </trkpt>
      <trkpt lat="41.34031447581947" lon="-82.84572159871459">
        <ele>230.82</ele>
      </trkpt>
      <trkpt lat="41.34044892154634" lon="-82.84539395011961">
        <ele>231.42</ele>
      </trkpt>
      <trkpt lat="41.34058169089258" lon="-82.84505398012698">
        <ele>231.99</ele>
      </trkpt>
      <trkpt lat="41.34071437641978" lon="-82.84471392631531">
        <ele>232.48</ele>
      </trkpt>
      <trkpt lat="41.34084706194699" lon="-82.84437395632267">
        <ele>232.88</ele>
      </trkpt>
      <trkpt lat="41.34097899310291" lon="-82.8440359979868">
        <ele>233.21</ele>
      </trkpt>
      <trkpt lat="41.34109793230891" lon="-82.84369795583189">
        <ele>233.48</ele>
      </trkpt>
      <trkpt lat="41.341127939522266" lon="-82.8435039985925">
        <ele>233.7</ele>
      </trkpt>
      <trkpt lat="41.34116197004914" lon="-82.84317593090236">
        <ele>233.83</ele>
      </trkpt>
      <trkpt lat="41.341187031939626" lon="-82.84282917156816">
        <ele>233.95</ele>
      </trkpt>
      <trkpt lat="41.341211926192045" lon="-82.84248392097652">
        <ele>233.91</ele>
      </trkpt>
      <trkpt lat="41.34123648516834" lon="-82.84213716164231">
        <ele>233.79</ele>
      </trkpt>
      <trkpt lat="41.3412609603256" lon="-82.84179199486971">
        <ele>233.53</ele>
      </trkpt>
      <trkpt lat="41.34129331447184" lon="-82.84139460884035">
        <ele>233.19</ele>
      </trkpt>
      <trkpt lat="41.34132566861808" lon="-82.84099722281098">
        <ele>232.78</ele>
      </trkpt>
      <trkpt lat="41.341358022764325" lon="-82.84059992060065">
        <ele>232.34</ele>
      </trkpt>
      <trkpt lat="41.34139037691057" lon="-82.84020253457129">
        <ele>231.88</ele>
      </trkpt>
      <trkpt lat="41.34142273105681" lon="-82.83980523236096">
        <ele>231.37</ele>
      </trkpt>
      <trkpt lat="41.34145508520305" lon="-82.8394078463316">
        <ele>230.79</ele>
      </trkpt>
      <trkpt lat="41.341487439349294" lon="-82.83901054412127">
        <ele>230.2</ele>
      </trkpt>
      <trkpt lat="41.341519793495536" lon="-82.8386131580919">
        <ele>229.6</ele>
      </trkpt>
      <trkpt lat="41.34155214764178" lon="-82.83821585588157">
        <ele>229.0</ele>
      </trkpt>
      <trkpt lat="41.34158450178802" lon="-82.83781846985221">
        <ele>228.44</ele>
      </trkpt>
      <trkpt lat="41.34161593392491" lon="-82.83743097446859">
        <ele>227.94</ele>
      </trkpt>
      <trkpt lat="41.34164518676698" lon="-82.83707113936543">
        <ele>227.46</ele>
      </trkpt>
      <trkpt lat="41.34167452342808" lon="-82.83671130426228">
        <ele>226.98</ele>
      </trkpt>
      <trkpt lat="41.34170377627015" lon="-82.83635155297816">
        <ele>226.53</ele>
      </trkpt>
      <trkpt lat="41.34173302911222" lon="-82.835991717875">
        <ele>226.19</ele>
      </trkpt>
      <trkpt lat="41.34176194667816" lon="-82.8356359899044">
        <ele>225.82</ele>
      </trkpt>
      <trkpt lat="41.34179446846247" lon="-82.83523592166603">
        <ele>225.49</ele>
      </trkpt>
      <trkpt lat="41.34182699024677" lon="-82.83483593724668">
        <ele>225.19</ele>
      </trkpt>
      <trkpt lat="41.34185951203108" lon="-82.83443595282733">
        <ele>224.92</ele>
      </trkpt>
      <trkpt lat="41.341892033815384" lon="-82.83403588458896">
        <ele>224.74</ele>
      </trkpt>
      <trkpt lat="41.34192455559969" lon="-82.83363590016961">
        <ele>224.59</ele>
      </trkpt>
      <trkpt lat="41.341957077383995" lon="-82.83323591575027">
        <ele>224.43</ele>
      </trkpt>
      <trkpt lat="41.3419895991683" lon="-82.83283584751189">
        <ele>224.24</ele>
      </trkpt>
      <trkpt lat="41.342022120952606" lon="-82.83243586309254">
        <ele>224.02</ele>
      </trkpt>
      <trkpt lat="41.34205397218466" lon="-82.83204392530024">
        <ele>223.83</ele>
      </trkpt>
      <trkpt lat="41.34208775125444" lon="-82.83163907937706">
        <ele>223.64</ele>
      </trkpt>
      <trkpt lat="41.34212161414325" lon="-82.83123414963484">
        <ele>223.39</ele>
      </trkpt>
      <trkpt lat="41.342155477032065" lon="-82.83082921989262">
        <ele>223.15</ele>
      </trkpt>
      <trkpt lat="41.34218892082572" lon="-82.8304279781878">
        <ele>222.96</ele>
      </trkpt>
      <trkpt lat="41.34219193831086" lon="-82.8303309995681">
        <ele>222.74</ele>
      </trkpt>
      <trkpt lat="41.342499973252416" lon="-82.83034239895642">
        <ele>222.57</ele>
      </trkpt>
      <trkpt lat="41.34280800819397" lon="-82.83035388216376">
        <ele>222.36</ele>
      </trkpt>
      <trkpt lat="41.343116043135524" lon="-82.83036536537111">
        <ele>222.1</ele>
      </trkpt>
      <trkpt lat="41.343425922095776" lon="-82.83037693239748">
        <ele>221.79</ele>
      </trkpt>
      <trkpt lat="41.34365231730044" lon="-82.83038623631">
        <ele>221.5</ele>
      </trkpt>
      <trkpt lat="41.34387862868607" lon="-82.83039562404156">
        <ele>221.19</ele>
      </trkpt>
      <trkpt lat="41.34410594590008" lon="-82.83040492795408">
        <ele>220.94</ele>
      </trkpt>
      <trkpt lat="41.34438372217119" lon="-82.83041062764823">
        <ele>220.65</ele>
      </trkpt>
      <trkpt lat="41.34466149844229" lon="-82.83041624352336">
        <ele>220.41</ele>
      </trkpt>
      <trkpt lat="41.344939190894365" lon="-82.83042194321752">
        <ele>220.16</ele>
      </trkpt>
      <trkpt lat="41.34521696716547" lon="-82.83042755909264">
        <ele>219.92</ele>
      </trkpt>
      <trkpt lat="41.345494743436575" lon="-82.8304332587868">
        <ele>219.62</ele>
      </trkpt>
      <trkpt lat="41.3457749504596" lon="-82.83043895848095">
        <ele>219.38</ele>
      </trkpt>
      <trkpt lat="41.34604820050299" lon="-82.83044415526092">
        <ele>219.13</ele>
      </trkpt>
      <trkpt lat="41.346321450546384" lon="-82.83044926822186">
        <ele>218.88</ele>
      </trkpt>
      <trkpt lat="41.346594700589776" lon="-82.83045446500182">
        <ele>218.63</ele>
      </trkpt>
      <trkpt lat="41.3468680344522" lon="-82.83045957796276">
        <ele>218.36</ele>
      </trkpt>
      <trkpt lat="41.34714128449559" lon="-82.83046477474272">
        <ele>218.04</ele>
      </trkpt>
      <trkpt lat="41.347416965290904" lon="-82.83046997152269">
        <ele>217.76</ele>
      </trkpt>
      <trkpt lat="41.3477089907974" lon="-82.8304829634726">
        <ele>217.53</ele>
      </trkpt>
      <trkpt lat="41.348001938313246" lon="-82.83049595542252">
        <ele>217.22</ele>
      </trkpt>
      <trkpt lat="41.348294047638774" lon="-82.83050945028663">
        <ele>216.84</ele>
      </trkpt>
      <trkpt lat="41.34858699515462" lon="-82.83052294515073">
        <ele>216.46</ele>
      </trkpt>
      <trkpt lat="41.34884960018098" lon="-82.83052847720683">
        <ele>216.13</ele>
      </trkpt>
      <trkpt lat="41.34911295957863" lon="-82.83053392544389">
        <ele>215.82</ele>
      </trkpt>
      <trkpt lat="41.34941395372152" lon="-82.8305519465357">
        <ele>215.39</ele>
      </trkpt>
      <trkpt lat="41.34971419349313" lon="-82.83056996762753">
        <ele>214.97</ele>
      </trkpt>
      <trkpt lat="41.35001443326473" lon="-82.83058790490031">
        <ele>214.55</ele>
      </trkpt>
      <trkpt lat="41.35031593032181" lon="-82.83060592599213">
        <ele>214.12</ele>
      </trkpt>
      <trkpt lat="41.35061575099826" lon="-82.83061447553337">
        <ele>213.63</ele>
      </trkpt>
      <trkpt lat="41.350915571674705" lon="-82.83062294125557">
        <ele>213.16</ele>
      </trkpt>
      <trkpt lat="41.35121539235115" lon="-82.83063140697777">
        <ele>212.65</ele>
      </trkpt>
      <trkpt lat="41.3515152130276" lon="-82.83063987269998">
        <ele>212.12</ele>
      </trkpt>
      <trkpt lat="41.35181494988501" lon="-82.83064842224121">
        <ele>211.59</ele>
      </trkpt>
      <trkpt lat="41.35211477056146" lon="-82.83065688796341">
        <ele>211.05</ele>
      </trkpt>
      <trkpt lat="41.3524145912379" lon="-82.83066535368562">
        <ele>210.52</ele>
      </trkpt>
      <trkpt lat="41.35271441191435" lon="-82.83067381940782">
        <ele>210.02</ele>
      </trkpt>
      <trkpt lat="41.35301414877176" lon="-82.83068236894906">
        <ele>209.53</ele>
      </trkpt>
      <trkpt lat="41.35331396944821" lon="-82.83069083467126">
        <ele>209.07</ele>
      </trkpt>
      <trkpt lat="41.353613790124655" lon="-82.83069930039346">
        <ele>208.64</ele>
      </trkpt>
      <trkpt lat="41.35391897521913" lon="-82.83070793375373">
        <ele>208.28</ele>
      </trkpt>
      <trkpt lat="41.35419155471027" lon="-82.8307149745524">
        <ele>208.0</ele>
      </trkpt>
      <trkpt lat="41.354464972391725" lon="-82.83072193153203">
        <ele>207.77</ele>
      </trkpt>
      <trkpt lat="41.3547392282635" lon="-82.83071296289563">
        <ele>207.61</ele>
      </trkpt>
      <trkpt lat="41.35501348413527" lon="-82.83070399425924">
        <ele>207.5</ele>
      </trkpt>
      <trkpt lat="41.35528899729252" lon="-82.83069494180381">
        <ele>207.38</ele>
      </trkpt>
      <trkpt lat="41.35555353015661" lon="-82.83067448996007">
        <ele>207.36</ele>
      </trkpt>
      <trkpt lat="41.355818985030055" lon="-82.8306539542973">
        <ele>207.4</ele>
      </trkpt>
      <trkpt lat="41.3560289517045" lon="-82.83062336035073">
        <ele>207.48</ele>
      </trkpt>
      <trkpt lat="41.35623900219798" lon="-82.83059268258512">
        <ele>207.66</ele>
      </trkpt>
      <trkpt lat="41.35644997470081" lon="-82.83056192100048">
        <ele>207.89</ele>
      </trkpt>
      <trkpt lat="41.35672356002033" lon="-82.83050668425858">
        <ele>208.17</ele>
      </trkpt>
      <trkpt lat="41.35699722915888" lon="-82.83045144751668">
        <ele>208.5</ele>
      </trkpt>
      <trkpt lat="41.35727198794484" lon="-82.83039595931768">
        <ele>208.84</ele>
      </trkpt>
      <trkpt lat="41.35753224603832" lon="-82.8303257189691">
        <ele>209.19</ele>
      </trkpt>
      <trkpt lat="41.357792587950826" lon="-82.83025547862053">
        <ele>209.58</ele>
      </trkpt>
      <trkpt lat="41.358053935691714" lon="-82.83018498681486">
        <ele>209.97</ele>
      </trkpt>
      <trkpt lat="41.35828200727701" lon="-82.83010904677212">
        <ele>210.37</ele>
      </trkpt>
      <trkpt lat="41.35851007886231" lon="-82.83003319054842">
        <ele>210.8</ele>
      </trkpt>
      <trkpt lat="41.358738988637924" lon="-82.82995699904859">
        <ele>211.23</ele>
      </trkpt>
      <trkpt lat="41.35893520899117" lon="-82.8298785444349">
        <ele>211.71</ele>
      </trkpt>
      <trkpt lat="41.359131932258606" lon="-82.82979992218316">
        <ele>212.2</ele>
      </trkpt>
      <trkpt lat="41.35940711013973" lon="-82.82967905513942">
        <ele>212.66</ele>
      </trkpt>
      <trkpt lat="41.3596829585731" lon="-82.8295579366386">
        <ele>213.14</ele>
      </trkpt>
      <trkpt lat="41.359905414283276" lon="-82.82944478094578">
        <ele>213.65</ele>
      </trkpt>
      <trkpt lat="41.36012786999345" lon="-82.82933154143393">
        <ele>214.12</ele>
      </trkpt>
      <trkpt lat="41.360350996255875" lon="-82.82921796664596">
        <ele>214.58</ele>
      </trkpt>
      <trkpt lat="41.36062181554735" lon="-82.82907606102526">
        <ele>215.06</ele>
      </trkpt>
      <trkpt lat="41.36089271865785" lon="-82.8289342392236">
        <ele>215.55</ele>
      </trkpt>
      <trkpt lat="41.361163537949324" lon="-82.82879241742194">
        <ele>216.01</ele>
      </trkpt>
      <trkpt lat="41.361434357240796" lon="-82.82865051180124">
        <ele>216.42</ele>
      </trkpt>
      <trkpt lat="41.3617052603513" lon="-82.82850868999958">
        <ele>216.82</ele>
      </trkpt>
      <trkpt lat="41.36197607964277" lon="-82.82836678437889">
        <ele>217.22</ele>
      </trkpt>
      <trkpt lat="41.36224698275328" lon="-82.82822496257722">
        <ele>217.6</ele>
      </trkpt>
      <trkpt lat="41.362519981339574" lon="-82.82808196730912">
        <ele>217.95</ele>
      </trkpt>
      <trkpt lat="41.36251034215093" lon="-82.82771651633084">
        <ele>218.29</ele>
      </trkpt>
      <trkpt lat="41.36250078678131" lon="-82.82735114917159">
        <ele>218.58</ele>
      </trkpt>
      <trkpt lat="41.362491147592664" lon="-82.82698569819331">
        <ele>218.88</ele>
      </trkpt>
      <trkpt lat="41.36248159222305" lon="-82.82662033103406">
        <ele>219.13</ele>
      </trkpt>
      <trkpt lat="41.36247203685343" lon="-82.82625488005579">
        <ele>219.33</ele>
      </trkpt>
      <trkpt lat="41.362462397664785" lon="-82.82588951289654">
        <ele>219.49</ele>
      </trkpt>
      <trkpt lat="41.3624529261142" lon="-82.82552992925048">
        <ele>219.6</ele>
      </trkpt>
      <trkpt lat="41.3624426163733" lon="-82.82512038946152">
        <ele>219.68</ele>
      </trkpt>
      <trkpt lat="41.36243222281337" lon="-82.82471076585352">
        <ele>219.7</ele>
      </trkpt>
      <trkpt lat="41.36242191307247" lon="-82.82430114224553">
        <ele>219.73</ele>
      </trkpt>
      <trkpt lat="41.362411519512534" lon="-82.82389151863754">
        <ele>219.71</ele>
      </trkpt>
      <trkpt lat="41.36240120977163" lon="-82.82348189502954">
        <ele>219.69</ele>
      </trkpt>
      <trkpt lat="41.362390983849764" lon="-82.82307797111571">
        <ele>219.66</ele>
      </trkpt>
      <trkpt lat="41.36238528415561" lon="-82.82271411269903">
        <ele>219.62</ele>
      </trkpt>
      <trkpt lat="41.36237958446145" lon="-82.82235025428236">
        <ele>219.63</ele>
      </trkpt>
      <trkpt lat="41.362373968586326" lon="-82.82198647968471">
        <ele>219.56</ele>
      </trkpt>
      <trkpt lat="41.36236826889217" lon="-82.82162262126803">
        <ele>219.48</ele>
      </trkpt>
      <trkpt lat="41.36236256919801" lon="-82.82125876285136">
        <ele>219.4</ele>
      </trkpt>
      <trkpt lat="41.36235695332289" lon="-82.82089993357658">
        <ele>219.31</ele>
      </trkpt>
      <trkpt lat="41.36235175654292" lon="-82.82048494555056">
        <ele>219.21</ele>
      </trkpt>
      <trkpt lat="41.36234647594392" lon="-82.8200698737055">
        <ele>219.08</ele>
      </trkpt>
      <trkpt lat="41.36234127916396" lon="-82.81965480186045">
        <ele>218.94</ele>
      </trkpt>
      <trkpt lat="41.36233608238399" lon="-82.81923981383443">
        <ele>218.84</ele>
      </trkpt>
      <trkpt lat="41.36233080178499" lon="-82.81882474198937">
        <ele>218.73</ele>
      </trkpt>
      <trkpt lat="41.362325605005026" lon="-82.81840967014432">
        <ele>218.63</ele>
      </trkpt>
      <trkpt lat="41.36232040822506" lon="-82.8179946821183">
        <ele>218.54</ele>
      </trkpt>
      <trkpt lat="41.36231512762606" lon="-82.81757961027324">
        <ele>218.45</ele>
      </trkpt>
      <trkpt lat="41.362309930846095" lon="-82.81716453842819">
        <ele>218.36</ele>
      </trkpt>
      <trkpt lat="41.36230473406613" lon="-82.81674946658313">
        <ele>218.29</ele>
      </trkpt>
      <trkpt lat="41.36229953728616" lon="-82.81633447855711">
        <ele>218.21</ele>
      </trkpt>
      <trkpt lat="41.362294256687164" lon="-82.81591940671206">
        <ele>218.15</ele>
      </trkpt>
      <trkpt lat="41.3622890599072" lon="-82.815504334867">
        <ele>218.09</ele>
      </trkpt>
      <trkpt lat="41.36228386312723" lon="-82.81508934684098">
        <ele>218.04</ele>
      </trkpt>
      <trkpt lat="41.36227858252823" lon="-82.81467427499592">
        <ele>218.0</ele>
      </trkpt>
      <trkpt lat="41.36227338574827" lon="-82.81425920315087">
        <ele>217.96</ele>
      </trkpt>
      <trkpt lat="41.3622681889683" lon="-82.81384421512485">
        <ele>217.93</ele>
      </trkpt>
      <trkpt lat="41.3622629083693" lon="-82.81342914327979">
        <ele>217.89</ele>
      </trkpt>
      <trkpt lat="41.362257711589336" lon="-82.81301407143474">
        <ele>217.83</ele>
      </trkpt>
      <trkpt lat="41.36225251480937" lon="-82.81259908340871">
        <ele>217.82</ele>
      </trkpt>
      <trkpt lat="41.36224723421037" lon="-82.81218401156366">
        <ele>217.81</ele>
      </trkpt>
      <trkpt lat="41.362241953611374" lon="-82.81178997829556">
        <ele>217.81</ele>
      </trkpt>
      <trkpt lat="41.362235667183995" lon="-82.81139477156103">
        <ele>217.81</ele>
      </trkpt>
      <trkpt lat="41.36222946457565" lon="-82.81099964864552">
        <ele>217.81</ele>
      </trkpt>
      <trkpt lat="41.36222317814827" lon="-82.81060444191098">
        <ele>217.84</ele>
      </trkpt>
      <trkpt lat="41.36221697553992" lon="-82.81020931899548">
        <ele>217.87</ele>
      </trkpt>
      <trkpt lat="41.362210689112544" lon="-82.80981419607997">
        <ele>217.86</ele>
      </trkpt>
      <trkpt lat="41.362204402685165" lon="-82.80941898934543">
        <ele>217.85</ele>
      </trkpt>
      <trkpt lat="41.36219820007682" lon="-82.80902386642992">
        <ele>217.82</ele>
      </trkpt>
      <trkpt lat="41.36219191364944" lon="-82.80862865969539">
        <ele>217.79</ele>
      </trkpt>
      <trkpt lat="41.36218571104109" lon="-82.80823353677988">
        <ele>217.75</ele>
      </trkpt>
      <trkpt lat="41.362179424613714" lon="-82.80783841386437">
        <ele>217.69</ele>
      </trkpt>
      <trkpt lat="41.362173138186336" lon="-82.80744320712984">
        <ele>217.63</ele>
      </trkpt>
      <trkpt lat="41.36216693557799" lon="-82.80704808421433">
        <ele>217.54</ele>
      </trkpt>
      <trkpt lat="41.36216064915061" lon="-82.80665287747979">
        <ele>217.44</ele>
      </trkpt>
      <trkpt lat="41.36215436272323" lon="-82.80625775456429">
        <ele>217.33</ele>
      </trkpt>
      <trkpt lat="41.362148160114884" lon="-82.80586254782975">
        <ele>217.14</ele>
      </trkpt>
      <trkpt lat="41.36214195750654" lon="-82.80548192560673">
        <ele>217.0</ele>
      </trkpt>
      <trkpt lat="41.362135251984" lon="-82.80509501695633">
        <ele>216.85</ele>
      </trkpt>
      <trkpt lat="41.36212854646146" lon="-82.8047080244869">
        <ele>216.68</ele>
      </trkpt>
      <trkpt lat="41.362121840938926" lon="-82.80432103201747">
        <ele>216.44</ele>
      </trkpt>
      <trkpt lat="41.36211513541639" lon="-82.80393412336707">
        <ele>216.25</ele>
      </trkpt>
      <trkpt lat="41.36210842989385" lon="-82.80354713089764">
        <ele>216.05</ele>
      </trkpt>
      <trkpt lat="41.362101724371314" lon="-82.80316013842821">
        <ele>215.84</ele>
      </trkpt>
      <trkpt lat="41.36209501884878" lon="-82.80277322977781">
        <ele>215.62</ele>
      </trkpt>
      <trkpt lat="41.36208839714527" lon="-82.80238623730838">
        <ele>215.35</ele>
      </trkpt>
      <trkpt lat="41.362081691622734" lon="-82.80199924483895">
        <ele>215.12</ele>
      </trkpt>
      <trkpt lat="41.3620749861002" lon="-82.80161233618855">
        <ele>214.9</ele>
      </trkpt>
      <trkpt lat="41.36206828057766" lon="-82.80122534371912">
        <ele>214.66</ele>
      </trkpt>
      <trkpt lat="41.36206157505512" lon="-82.8008383512497">
        <ele>214.41</ele>
      </trkpt>
      <trkpt lat="41.36205495335162" lon="-82.80046292580664">
        <ele>214.18</ele>
      </trkpt>
      <trkpt lat="41.362047996371984" lon="-82.80005254782736">
        <ele>213.96</ele>
      </trkpt>
      <trkpt lat="41.362041123211384" lon="-82.79964208602905">
        <ele>213.75</ele>
      </trkpt>
      <trkpt lat="41.36203416623175" lon="-82.79923162423074">
        <ele>213.54</ele>
      </trkpt>
      <trkpt lat="41.36202720925212" lon="-82.79882116243243">
        <ele>213.35</ele>
      </trkpt>
      <trkpt lat="41.36202025227249" lon="-82.79841070063412">
        <ele>213.17</ele>
      </trkpt>
      <trkpt lat="41.362013379111886" lon="-82.79800032265484">
        <ele>213.0</ele>
      </trkpt>
      <trkpt lat="41.362006422132254" lon="-82.79758986085653">
        <ele>212.81</ele>
      </trkpt>
      <trkpt lat="41.36199946515262" lon="-82.79717939905822">
        <ele>212.63</ele>
      </trkpt>
      <trkpt lat="41.36199250817299" lon="-82.79676893725991">
        <ele>212.5</ele>
      </trkpt>
      <trkpt lat="41.36198563501239" lon="-82.79635855928063">
        <ele>212.39</ele>
      </trkpt>
      <trkpt lat="41.361978678032756" lon="-82.79594809748232">
        <ele>212.3</ele>
      </trkpt>
      <trkpt lat="41.36197172105312" lon="-82.79553763568401">
        <ele>212.22</ele>
      </trkpt>
      <trkpt lat="41.36196476407349" lon="-82.7951271738857">
        <ele>212.17</ele>
      </trkpt>
      <trkpt lat="41.36195797473192" lon="-82.7947299554944">
        <ele>212.12</ele>
      </trkpt>
      <trkpt lat="41.361951772123575" lon="-82.79437313787639">
        <ele>212.07</ele>
      </trkpt>
      <trkpt lat="41.36194556951523" lon="-82.79401632025838">
        <ele>212.08</ele>
      </trkpt>
      <trkpt lat="41.36193928308785" lon="-82.79365950264037">
        <ele>212.11</ele>
      </trkpt>
      <trkpt lat="41.3619330804795" lon="-82.79330268502235">
        <ele>212.12</ele>
      </trkpt>
      <trkpt lat="41.36192696169019" lon="-82.7929499745369">
        <ele>212.16</ele>
      </trkpt>
      <trkpt lat="41.36191883124411" lon="-82.79255719855428">
        <ele>212.3</ele>
      </trkpt>
      <trkpt lat="41.361910616979" lon="-82.79216442257166">
        <ele>212.47</ele>
      </trkpt>
      <trkpt lat="41.36190248653293" lon="-82.79177164658904">
        <ele>212.65</ele>
      </trkpt>
      <trkpt lat="41.36189435608685" lon="-82.79137895442545">
        <ele>212.84</ele>
      </trkpt>
      <trkpt lat="41.36188614182174" lon="-82.79098617844284">
        <ele>213.05</ele>
      </trkpt>
      <trkpt lat="41.361878011375666" lon="-82.79059340246022">
        <ele>213.23</ele>
      </trkpt>
      <trkpt lat="41.36186996474862" lon="-82.79020699672401">
        <ele>213.47</ele>
      </trkpt>
      <trkpt lat="41.36186317540705" lon="-82.78982536867261">
        <ele>213.68</ele>
      </trkpt>
      <trkpt lat="41.36185630224645" lon="-82.78944382444024">
        <ele>213.91</ele>
      </trkpt>
      <trkpt lat="41.36184951290488" lon="-82.78906219638884">
        <ele>214.13</ele>
      </trkpt>
      <trkpt lat="41.36184272356331" lon="-82.78868065215647">
        <ele>214.31</ele>
      </trkpt>
      <trkpt lat="41.361835934221745" lon="-82.7882991079241">
        <ele>214.48</ele>
      </trkpt>
      <trkpt lat="41.361829061061144" lon="-82.7879174798727">
        <ele>214.64</ele>
      </trkpt>
      <trkpt lat="41.361822271719575" lon="-82.78753593564034">
        <ele>214.79</ele>
      </trkpt>
      <trkpt lat="41.361815482378006" lon="-82.78715430758893">
        <ele>214.91</ele>
      </trkpt>
      <trkpt lat="41.36180869303644" lon="-82.78677276335657">
        <ele>215.02</ele>
      </trkpt>
      <trkpt lat="41.3618019875139" lon="-82.7863999363035">
        <ele>215.08</ele>
      </trkpt>
      <trkpt lat="41.362112956121564" lon="-82.78640798293054">
        <ele>215.14</ele>
      </trkpt>
      <trkpt lat="41.36242400854826" lon="-82.78641594573855">
        <ele>215.19</ele>
      </trkpt>
      <trkpt lat="41.362735060974956" lon="-82.78642390854657">
        <ele>215.24</ele>
      </trkpt>
      <trkpt lat="41.36304611340165" lon="-82.78643187135458">
        <ele>215.23</ele>
      </trkpt>
      <trkpt lat="41.36335716582835" lon="-82.78643991798162">
        <ele>215.2</ele>
      </trkpt>
      <trkpt lat="41.36366821825504" lon="-82.78644788078964">
        <ele>215.15</ele>
      </trkpt>
      <trkpt lat="41.36397918686271" lon="-82.78645584359765">
        <ele>215.07</ele>
      </trkpt>
      <trkpt lat="41.3642902392894" lon="-82.7864638902247">
        <ele>214.96</ele>
      </trkpt>
      <trkpt lat="41.3646012917161" lon="-82.78647185303271">
        <ele>214.83</ele>
      </trkpt>
      <trkpt lat="41.36491695418954" lon="-82.78647998347878">
        <ele>214.68</ele>
      </trkpt>
      <trkpt lat="41.36516489088535" lon="-82.78648828156292">
        <ele>214.5</ele>
      </trkpt>
      <trkpt lat="41.3654129114002" lon="-82.78649657964706">
        <ele>214.3</ele>
      </trkpt>
      <trkpt lat="41.365661937743425" lon="-82.78650496155024">
        <ele>214.08</ele>
      </trkpt>
      <trkpt lat="41.36592705734074" lon="-82.78651895932853">
        <ele>213.85</ele>
      </trkpt>
      <trkpt lat="41.36619293130934" lon="-82.78653295710683">
        <ele>213.6</ele>
      </trkpt>
      <trkpt lat="41.36650348082185" lon="-82.7865431830287">
        <ele>213.26</ele>
      </trkpt>
      <trkpt lat="41.36681403033435" lon="-82.78655332513154">
        <ele>212.96</ele>
      </trkpt>
      <trkpt lat="41.36712457984686" lon="-82.7865635510534">
        <ele>212.64</ele>
      </trkpt>
      <trkpt lat="41.367435129359365" lon="-82.78657369315624">
        <ele>212.36</ele>
      </trkpt>
      <trkpt lat="41.367747941985726" lon="-82.78658391907811">
        <ele>212.05</ele>
      </trkpt>
      <trkpt lat="41.36805010959506" lon="-82.78660177253187">
        <ele>211.79</ele>
      </trkpt>
      <trkpt lat="41.368352277204394" lon="-82.78661954216659">
        <ele>211.53</ele>
      </trkpt>
      <trkpt lat="41.36865444481373" lon="-82.78663731180131">
        <ele>211.25</ele>
      </trkpt>
      <trkpt lat="41.36895652860403" lon="-82.78665508143604">
        <ele>211.03</ele>
      </trkpt>
      <trkpt lat="41.36926095932722" lon="-82.7866729348898">
        <ele>210.83</ele>
      </trkpt>
      <trkpt lat="41.36957310140133" lon="-82.78668550774455">
        <ele>210.66</ele>
      </trkpt>
      <trkpt lat="41.36988524347544" lon="-82.78669799678028">
        <ele>210.57</ele>
      </trkpt>
      <trkpt lat="41.370197301730514" lon="-82.786710485816">
        <ele>210.46</ele>
      </trkpt>
      <trkpt lat="41.37050944380462" lon="-82.78672297485173">
        <ele>210.36</ele>
      </trkpt>
      <trkpt lat="41.37082158587873" lon="-82.78673554770648">
        <ele>210.29</ele>
      </trkpt>
      <trkpt lat="41.37113372795284" lon="-82.78674803674221">
        <ele>210.27</ele>
      </trkpt>
      <trkpt lat="41.371445870026946" lon="-82.78676052577794">
        <ele>210.23</ele>
      </trkpt>
      <trkpt lat="41.37175792828202" lon="-82.78677301481366">
        <ele>210.21</ele>
      </trkpt>
      <trkpt lat="41.37207007035613" lon="-82.78678558766842">
        <ele>210.21</ele>
      </trkpt>
      <trkpt lat="41.37238221243024" lon="-82.78679807670414">
        <ele>210.21</ele>
      </trkpt>
      <trkpt lat="41.37269435450435" lon="-82.78681056573987">
        <ele>210.22</ele>
      </trkpt>
      <trkpt lat="41.373006496578455" lon="-82.7868230547756">
        <ele>210.24</ele>
      </trkpt>
      <trkpt lat="41.37331855483353" lon="-82.78683562763035">
        <ele>210.27</ele>
      </trkpt>
      <trkpt lat="41.37363069690764" lon="-82.78684811666608">
        <ele>210.3</ele>
      </trkpt>
      <trkpt lat="41.37394283898175" lon="-82.7868606057018">
        <ele>210.33</ele>
      </trkpt>
      <trkpt lat="41.374254981055856" lon="-82.78687309473753">
        <ele>210.37</ele>
      </trkpt>
      <trkpt lat="41.37457491829991" lon="-82.78688591904938">
        <ele>210.4</ele>
      </trkpt>
      <trkpt lat="41.37481363490224" lon="-82.78689145110548">
        <ele>210.44</ele>
      </trkpt>
      <trkpt lat="41.375052938237786" lon="-82.78689698316157">
        <ele>210.48</ele>
      </trkpt>
      <trkpt lat="41.3753579556942" lon="-82.78691098093987">
        <ele>210.48</ele>
      </trkpt>
      <trkpt lat="41.37566288933158" lon="-82.7869250625372">
        <ele>210.51</ele>
      </trkpt>
      <trkpt lat="41.37596790678799" lon="-82.78693906031549">
        <ele>210.52</ele>
      </trkpt>
      <trkpt lat="41.376272924244404" lon="-82.78695314191282">
        <ele>210.54</ele>
      </trkpt>
      <trkpt lat="41.376577857881784" lon="-82.78696713969111">
        <ele>210.57</ele>
      </trkpt>
      <trkpt lat="41.3768828753382" lon="-82.78698122128844">
        <ele>210.59</ele>
      </trkpt>
      <trkpt lat="41.37718789279461" lon="-82.78699521906674">
        <ele>210.6</ele>
      </trkpt>
      <trkpt lat="41.37749282643199" lon="-82.78700930066407">
        <ele>210.61</ele>
      </trkpt>
      <trkpt lat="41.3777978438884" lon="-82.78702329844236">
        <ele>210.6</ele>
      </trkpt>
      <trkpt lat="41.37810277752578" lon="-82.78703738003969">
        <ele>210.6</ele>
      </trkpt>
      <trkpt lat="41.378407794982195" lon="-82.78705137781799">
        <ele>210.58</ele>
      </trkpt>
      <trkpt lat="41.37871281243861" lon="-82.78706545941532">
        <ele>210.55</ele>
      </trkpt>
      <trkpt lat="41.37901774607599" lon="-82.78707945719361">
        <ele>210.5</ele>
      </trkpt>
      <trkpt lat="41.3793227635324" lon="-82.78709353879094">
        <ele>210.45</ele>
      </trkpt>
      <trkpt lat="41.37962778098881" lon="-82.78710753656924">
        <ele>210.38</ele>
      </trkpt>
      <trkpt lat="41.37993992306292" lon="-82.78712195344269">
        <ele>210.3</ele>
      </trkpt>
      <trkpt lat="41.37993170879781" lon="-82.78675633482635">
        <ele>210.2</ele>
      </trkpt>
      <trkpt lat="41.379923494532704" lon="-82.78639071621001">
        <ele>210.08</ele>
      </trkpt>
      <trkpt lat="41.379915280267596" lon="-82.78602501377463">
        <ele>209.95</ele>
      </trkpt>
      <trkpt lat="41.37990706600249" lon="-82.78565939515829">
        <ele>209.8</ele>
      </trkpt>
      <trkpt lat="41.37989893555641" lon="-82.78529796749353">
        <ele>209.64</ele>
      </trkpt>
      <trkpt lat="41.37988963164389" lon="-82.78488096781075">
        <ele>209.45</ele>
      </trkpt>
      <trkpt lat="41.3798804115504" lon="-82.784464051947">
        <ele>209.22</ele>
      </trkpt>
      <trkpt lat="41.37987110763788" lon="-82.78404705226421">
        <ele>208.97</ele>
      </trkpt>
      <trkpt lat="41.37986180372536" lon="-82.78363013640046">
        <ele>208.69</ele>
      </trkpt>
      <trkpt lat="41.37985249981284" lon="-82.78321313671768">
        <ele>208.44</ele>
      </trkpt>
      <trkpt lat="41.37984327971935" lon="-82.78279622085392">
        <ele>208.15</ele>
      </trkpt>
      <trkpt lat="41.37983397580683" lon="-82.78237922117114">
        <ele>207.88</ele>
      </trkpt>
      <trkpt lat="41.37982467189431" lon="-82.78196230530739">
        <ele>207.58</ele>
      </trkpt>
      <trkpt lat="41.37981536798179" lon="-82.7815453056246">
        <ele>207.3</ele>
      </trkpt>
      <trkpt lat="41.37980606406927" lon="-82.78112838976085">
        <ele>207.01</ele>
      </trkpt>
      <trkpt lat="41.379796927794814" lon="-82.78072195127606">
        <ele>206.68</ele>
      </trkpt>
      <trkpt lat="41.37978829443455" lon="-82.78033571317792">
        <ele>206.36</ele>
      </trkpt>
      <trkpt lat="41.37977966107428" lon="-82.77994947507977">
        <ele>206.06</ele>
      </trkpt>
      <trkpt lat="41.379771027714014" lon="-82.7795631531626">
        <ele>205.75</ele>
      </trkpt>
      <trkpt lat="41.37976239435375" lon="-82.77917691506445">
        <ele>205.45</ele>
      </trkpt>
      <trkpt lat="41.37975376099348" lon="-82.77879067696631">
        <ele>205.15</ele>
      </trkpt>
      <trkpt lat="41.379745127633214" lon="-82.77840435504913">
        <ele>204.85</ele>
      </trkpt>
      <trkpt lat="41.37973649427295" lon="-82.77801811695099">
        <ele>204.56</ele>
      </trkpt>
      <trkpt lat="41.37972794473171" lon="-82.77763891965151">
        <ele>204.21</ele>
      </trkpt>
      <trkpt lat="41.3797199819237" lon="-82.77727397158742">
        <ele>203.93</ele>
      </trkpt>
      <trkpt lat="41.37970774434507" lon="-82.77687767520547">
        <ele>203.65</ele>
      </trkpt>
      <trkpt lat="41.37969559058547" lon="-82.77648146264255">
        <ele>203.35</ele>
      </trkpt>
      <trkpt lat="41.37968335300684" lon="-82.77608525007963">
        <ele>203.07</ele>
      </trkpt>
      <trkpt lat="41.37967119924724" lon="-82.77568895369768">
        <ele>202.82</ele>
      </trkpt>
      <trkpt lat="41.37965896166861" lon="-82.77529274113476">
        <ele>202.57</ele>
      </trkpt>
      <trkpt lat="41.379646975547075" lon="-82.7749019768089">
        <ele>202.29</ele>
      </trkpt>
      <trkpt lat="41.37963557615876" lon="-82.77448791079223">
        <ele>202.15</ele>
      </trkpt>
      <trkpt lat="41.37962417677045" lon="-82.77407384477556">
        <ele>202.1</ele>
      </trkpt>
      <trkpt lat="41.379612777382135" lon="-82.77365986257792">
        <ele>202.0</ele>
      </trkpt>
      <trkpt lat="41.379601461812854" lon="-82.77324579656124">
        <ele>201.92</ele>
      </trkpt>
      <trkpt lat="41.37959006242454" lon="-82.77283173054457">
        <ele>201.87</ele>
      </trkpt>
      <trkpt lat="41.37957866303623" lon="-82.77241774834692">
        <ele>201.82</ele>
      </trkpt>
      <trkpt lat="41.379567263647914" lon="-82.77200368233025">
        <ele>201.77</ele>
      </trkpt>
      <trkpt lat="41.3795558642596" lon="-82.77158961631358">
        <ele>201.77</ele>
      </trkpt>
      <trkpt lat="41.37954454869032" lon="-82.7711755502969">
        <ele>201.83</ele>
      </trkpt>
      <trkpt lat="41.379533149302006" lon="-82.77076156809926">
        <ele>201.87</ele>
      </trkpt>
      <trkpt lat="41.379521917551756" lon="-82.77035797946155">
        <ele>201.93</ele>
      </trkpt>
      <trkpt lat="41.379822324961424" lon="-82.77036971412599">
        <ele>202.0</ele>
      </trkpt>
      <trkpt lat="41.38012264855206" lon="-82.77038144879043">
        <ele>202.07</ele>
      </trkpt>
      <trkpt lat="41.380422972142696" lon="-82.7703932672739">
        <ele>202.16</ele>
      </trkpt>
      <trkpt lat="41.38072329573333" lon="-82.77040500193834">
        <ele>202.28</ele>
      </trkpt>
      <trkpt lat="41.38102361932397" lon="-82.77041673660278">
        <ele>202.38</ele>
      </trkpt>
      <trkpt lat="41.381323942914605" lon="-82.77042855508626">
        <ele>202.46</ele>
      </trkpt>
      <trkpt lat="41.38162426650524" lon="-82.7704402897507">
        <ele>202.54</ele>
      </trkpt>
      <trkpt lat="41.38192459009588" lon="-82.77045202441514">
        <ele>202.62</ele>
      </trkpt>
      <trkpt lat="41.382228937000036" lon="-82.77046392671764">
        <ele>202.68</ele>
      </trkpt>
      <trkpt lat="41.382531775161624" lon="-82.77047582902014">
        <ele>202.73</ele>
      </trkpt>
      <trkpt lat="41.38283452950418" lon="-82.77048764750361">
        <ele>202.77</ele>
      </trkpt>
      <trkpt lat="41.38313736766577" lon="-82.77049954980612">
        <ele>202.8</ele>
      </trkpt>
      <trkpt lat="41.383440122008324" lon="-82.77051136828959">
        <ele>202.81</ele>
      </trkpt>
      <trkpt lat="41.38374296016991" lon="-82.7705232705921">
        <ele>202.8</ele>
      </trkpt>
      <trkpt lat="41.3840457983315" lon="-82.77053508907557">
        <ele>202.78</ele>
      </trkpt>
      <trkpt lat="41.384348552674055" lon="-82.77054699137807">
        <ele>202.74</ele>
      </trkpt>
      <trkpt lat="41.38465499505401" lon="-82.7705589774996">
        <ele>202.68</ele>
      </trkpt>
      <trkpt lat="41.384950960054994" lon="-82.77056945487857">
        <ele>202.58</ele>
      </trkpt>
      <trkpt lat="41.38524684123695" lon="-82.77058001607656">
        <ele>202.48</ele>
      </trkpt>
      <trkpt lat="41.385542806237936" lon="-82.77059049345553">
        <ele>202.34</ele>
      </trkpt>
      <trkpt lat="41.38583877123892" lon="-82.77060105465353">
        <ele>202.22</ele>
      </trkpt>
      <trkpt lat="41.38613473623991" lon="-82.77061153203249">
        <ele>202.11</ele>
      </trkpt>
      <trkpt lat="41.3864307012409" lon="-82.77062209323049">
        <ele>201.92</ele>
      </trkpt>
      <trkpt lat="41.386726666241884" lon="-82.77063257060945">
        <ele>201.75</ele>
      </trkpt>
      <trkpt lat="41.38702263124287" lon="-82.77064313180745">
        <ele>201.57</ele>
      </trkpt>
      <trkpt lat="41.38731859624386" lon="-82.77065360918641">
        <ele>201.38</ele>
      </trkpt>
      <trkpt lat="41.387614561244845" lon="-82.7706641703844">
        <ele>201.18</ele>
      </trkpt>
      <trkpt lat="41.38791052624583" lon="-82.77067464776337">
        <ele>200.93</ele>
      </trkpt>
      <trkpt lat="41.38820649124682" lon="-82.77068512514234">
        <ele>200.71</ele>
      </trkpt>
      <trkpt lat="41.38850245624781" lon="-82.77069568634033">
        <ele>200.5</ele>
      </trkpt>
      <trkpt lat="41.388798421248794" lon="-82.7707061637193">
        <ele>200.29</ele>
      </trkpt>
      <trkpt lat="41.389100924134254" lon="-82.77071697637439">
        <ele>200.04</ele>
      </trkpt>
      <trkpt lat="41.3893920276314" lon="-82.77072946541011">
        <ele>199.84</ele>
      </trkpt>
      <trkpt lat="41.38968313112855" lon="-82.77074195444584">
        <ele>199.65</ele>
      </trkpt>
      <trkpt lat="41.389974150806665" lon="-82.77075444348156">
        <ele>199.43</ele>
      </trkpt>
      <trkpt lat="41.39026693068445" lon="-82.77076693251729">
        <ele>199.27</ele>
      </trkpt>
      <trkpt lat="41.3905215729028" lon="-82.77077497914433">
        <ele>199.13</ele>
      </trkpt>
      <trkpt lat="41.39077621512115" lon="-82.77078294195235">
        <ele>198.96</ele>
      </trkpt>
      <trkpt lat="41.3910308573395" lon="-82.77079090476036">
        <ele>198.87</ele>
      </trkpt>
      <trkpt lat="41.39128541573882" lon="-82.7707989513874">
        <ele>198.79</ele>
      </trkpt>
      <trkpt lat="41.3915419857949" lon="-82.77080699801445">
        <ele>198.74</ele>
      </trkpt>
      <trkpt lat="41.39182252809405" lon="-82.77081814594567">
        <ele>198.72</ele>
      </trkpt>
      <trkpt lat="41.392103154212236" lon="-82.77082929387689">
        <ele>198.76</ele>
      </trkpt>
      <trkpt lat="41.39238369651139" lon="-82.77084052562714">
        <ele>198.8</ele>
      </trkpt>
      <trkpt lat="41.39266432262957" lon="-82.77085167355835">
        <ele>198.86</ele>
      </trkpt>
      <trkpt lat="41.392946960404515" lon="-82.77086298912764">
        <ele>198.96</ele>
      </trkpt>
      <trkpt lat="41.39325055293739" lon="-82.77087413705885">
        <ele>199.04</ele>
      </trkpt>
      <trkpt lat="41.39355422928929" lon="-82.77088528499007">
        <ele>199.13</ele>
      </trkpt>
      <trkpt lat="41.393857821822166" lon="-82.77089643292129">
        <ele>199.24</ele>
      </trkpt>
      <trkpt lat="41.39416149817407" lon="-82.77090758085251">
        <ele>199.36</ele>
      </trkpt>
      <trkpt lat="41.394465090706944" lon="-82.77091872878373">
        <ele>199.5</ele>
      </trkpt>
      <trkpt lat="41.39476876705885" lon="-82.77092987671494">
        <ele>199.65</ele>
      </trkpt>
      <trkpt lat="41.39507235959172" lon="-82.77094102464616">
        <ele>199.8</ele>
      </trkpt>
      <trkpt lat="41.39537603594363" lon="-82.77095217257738">
        <ele>199.96</ele>
      </trkpt>
      <trkpt lat="41.3956796284765" lon="-82.7709633205086">
        <ele>200.13</ele>
      </trkpt>
      <trkpt lat="41.395983304828405" lon="-82.77097446843982">
        <ele>200.31</ele>
      </trkpt>
      <trkpt lat="41.39628689736128" lon="-82.77098561637104">
        <ele>200.49</ele>
      </trkpt>
      <trkpt lat="41.39659593813121" lon="-82.77099693194032">
        <ele>200.66</ele>
      </trkpt>
      <trkpt lat="41.39686633832753" lon="-82.7710061520338">
        <ele>200.84</ele>
      </trkpt>
      <trkpt lat="41.39713673852384" lon="-82.7710153721273">
        <ele>201.07</ele>
      </trkpt>
      <trkpt lat="41.397407138720155" lon="-82.77102450840175">
        <ele>201.25</ele>
      </trkpt>
      <trkpt lat="41.39767753891647" lon="-82.77103372849524">
        <ele>201.41</ele>
      </trkpt>
      <trkpt lat="41.397949950769544" lon="-82.77104294858873">
        <ele>201.61</ele>
      </trkpt>
      <trkpt lat="41.39824817888439" lon="-82.77104630135">
        <ele>201.76</ele>
      </trkpt>
      <trkpt lat="41.39854640699923" lon="-82.77104965411127">
        <ele>201.89</ele>
      </trkpt>
      <trkpt lat="41.39884597621858" lon="-82.7710529230535">
        <ele>201.95</ele>
      </trkpt>
      <trkpt lat="41.3991592079401" lon="-82.77107069268823">
        <ele>202.05</ele>
      </trkpt>
      <trkpt lat="41.399472523480654" lon="-82.77108837850392">
        <ele>202.11</ele>
      </trkpt>
      <trkpt lat="41.399785839021206" lon="-82.77110614813864">
        <ele>202.17</ele>
      </trkpt>
      <trkpt lat="41.400100998580456" lon="-82.77112391777337">
        <ele>202.2</ele>
      </trkpt>
      <trkpt lat="41.40040257945657" lon="-82.77113707736135">
        <ele>202.22</ele>
      </trkpt>
      <trkpt lat="41.40070424415171" lon="-82.77115023694932">
        <ele>202.26</ele>
      </trkpt>
      <trkpt lat="41.40100582502782" lon="-82.77116331271827">
        <ele>202.22</ele>
      </trkpt>
      <trkpt lat="41.40130748972297" lon="-82.77117647230625">
        <ele>202.21</ele>
      </trkpt>
      <trkpt lat="41.40160907059908" lon="-82.7711895480752">
        <ele>202.12</ele>
      </trkpt>
      <trkpt lat="41.40191073529422" lon="-82.77120270766318">
        <ele>201.95</ele>
      </trkpt>
      <trkpt lat="41.402212316170335" lon="-82.77121578343213">
        <ele>201.79</ele>
      </trkpt>
      <trkpt lat="41.40251398086548" lon="-82.7712289430201">
        <ele>201.57</ele>
      </trkpt>
      <trkpt lat="41.40281556174159" lon="-82.77124210260808">
        <ele>201.37</ele>
      </trkpt>
      <trkpt lat="41.403117226436734" lon="-82.77125517837703">
        <ele>201.15</ele>
      </trkpt>
      <trkpt lat="41.403418807312846" lon="-82.77126833796501">
        <ele>200.91</ele>
      </trkpt>
      <trkpt lat="41.40372047200799" lon="-82.77128141373396">
        <ele>200.61</ele>
      </trkpt>
      <trkpt lat="41.4040220528841" lon="-82.77129457332194">
        <ele>200.31</ele>
      </trkpt>
      <trkpt lat="41.40432992018759" lon="-82.77130798436701">
        <ele>199.95</ele>
      </trkpt>
      <trkpt lat="41.40460157766938" lon="-82.77131812646985">
        <ele>199.64</ele>
      </trkpt>
      <trkpt lat="41.40487315133214" lon="-82.77132826857269">
        <ele>199.3</ele>
      </trkpt>
      <trkpt lat="41.4051447249949" lon="-82.77133841067553">
        <ele>198.92</ele>
      </trkpt>
      <trkpt lat="41.40541638247669" lon="-82.77134855277836">
        <ele>198.53</ele>
      </trkpt>
      <trkpt lat="41.405687956139445" lon="-82.7713586948812">
        <ele>198.16</ele>
      </trkpt>
      <trkpt lat="41.40596196055412" lon="-82.77136892080307">
        <ele>197.78</ele>
      </trkpt>
      <trkpt lat="41.40627209097147" lon="-82.77137696743011">
        <ele>197.41</ele>
      </trkpt>
      <trkpt lat="41.40658222138882" lon="-82.77138493023813">
        <ele>197.07</ele>
      </trkpt>
      <trkpt lat="41.406892351806164" lon="-82.77139289304614">
        <ele>196.73</ele>
      </trkpt>
      <trkpt lat="41.40720248222351" lon="-82.77140093967319">
        <ele>196.34</ele>
      </trkpt>
      <trkpt lat="41.407514959573746" lon="-82.77140898630023">
        <ele>196.01</ele>
      </trkpt>
      <trkpt lat="41.407818384468555" lon="-82.77142248116434">
        <ele>195.69</ele>
      </trkpt>
      <trkpt lat="41.408121809363365" lon="-82.77143605984747">
        <ele>195.37</ele>
      </trkpt>
      <trkpt lat="41.40842515043914" lon="-82.77144963853061">
        <ele>195.06</ele>
      </trkpt>
      <trkpt lat="41.40872857533395" lon="-82.77146313339472">
        <ele>194.72</ele>
      </trkpt>
      <trkpt lat="41.40903200022876" lon="-82.77147671207786">
        <ele>194.4</ele>
      </trkpt>
      <trkpt lat="41.40933542512357" lon="-82.771490290761">
        <ele>194.1</ele>
      </trkpt>
      <trkpt lat="41.40963885001838" lon="-82.7715037856251">
        <ele>193.81</ele>
      </trkpt>
      <trkpt lat="41.40994219109416" lon="-82.77151736430824">
        <ele>193.52</ele>
      </trkpt>
      <trkpt lat="41.41024561598897" lon="-82.77153094299138">
        <ele>193.23</ele>
      </trkpt>
      <trkpt lat="41.41054904088378" lon="-82.77154443785548">
        <ele>192.89</ele>
      </trkpt>
      <trkpt lat="41.41085246577859" lon="-82.77155801653862">
        <ele>192.6</ele>
      </trkpt>
      <trkpt lat="41.4111558906734" lon="-82.77157159522176">
        <ele>192.32</ele>
      </trkpt>
      <trkpt lat="41.41145931556821" lon="-82.77158509008586">
        <ele>192.04</ele>
      </trkpt>
      <trkpt lat="41.411768943071365" lon="-82.7715989202261">
        <ele>191.75</ele>
      </trkpt>
      <trkpt lat="41.412035739049315" lon="-82.7716105710715">
        <ele>191.42</ele>
      </trkpt>
      <trkpt lat="41.412302535027266" lon="-82.77162213809788">
        <ele>191.13</ele>
      </trkpt>
      <trkpt lat="41.41256941482425" lon="-82.77163370512426">
        <ele>190.82</ele>
      </trkpt>
      <trkpt lat="41.4128362108022" lon="-82.77164527215064">
        <ele>190.51</ele>
      </trkpt>
      <trkpt lat="41.41310493461788" lon="-82.77165692299604">
        <ele>190.21</ele>
      </trkpt>
      <trkpt lat="41.41340182162821" lon="-82.77166781947017">
        <ele>189.89</ele>
      </trkpt>
      <trkpt lat="41.41369870863855" lon="-82.77167863212526">
        <ele>189.59</ele>
      </trkpt>
      <trkpt lat="41.41399567946792" lon="-82.77168952859938">
        <ele>189.32</ele>
      </trkpt>
      <trkpt lat="41.41429256647825" lon="-82.77170034125447">
        <ele>189.04</ele>
      </trkpt>
      <trkpt lat="41.41458945348859" lon="-82.7717112377286">
        <ele>188.78</ele>
      </trkpt>
      <trkpt lat="41.414886340498924" lon="-82.77172205038369">
        <ele>188.54</ele>
      </trkpt>
      <trkpt lat="41.41518322750926" lon="-82.77173294685781">
        <ele>188.3</ele>
      </trkpt>
      <trkpt lat="41.415480114519596" lon="-82.7717437595129">
        <ele>188.02</ele>
      </trkpt>
      <trkpt lat="41.41577700152993" lon="-82.77175457216799">
        <ele>187.73</ele>
      </trkpt>
      <trkpt lat="41.41607388854027" lon="-82.77176546864212">
        <ele>187.52</ele>
      </trkpt>
      <trkpt lat="41.416370775550604" lon="-82.7717762812972">
        <ele>187.32</ele>
      </trkpt>
      <trkpt lat="41.41666766256094" lon="-82.77178717777133">
        <ele>187.13</ele>
      </trkpt>
      <trkpt lat="41.416964549571276" lon="-82.77179799042642">
        <ele>186.95</ele>
      </trkpt>
      <trkpt lat="41.41726152040064" lon="-82.77180888690054">
        <ele>186.78</ele>
      </trkpt>
      <trkpt lat="41.41756494529545" lon="-82.77181995101273">
        <ele>186.62</ele>
      </trkpt>
      <trkpt lat="41.417874405160546" lon="-82.77183118276298">
        <ele>186.46</ele>
      </trkpt>
      <trkpt lat="41.41818378120661" lon="-82.77184249833226">
        <ele>186.32</ele>
      </trkpt>
      <trkpt lat="41.4184932410717" lon="-82.77185373008251">
        <ele>186.18</ele>
      </trkpt>
      <trkpt lat="41.41880261711776" lon="-82.7718650456518">
        <ele>186.0</ele>
      </trkpt>
      <trkpt lat="41.419112076982856" lon="-82.77187627740204">
        <ele>185.86</ele>
      </trkpt>
      <trkpt lat="41.41942145302892" lon="-82.7718875091523">
        <ele>185.74</ele>
      </trkpt>
      <trkpt lat="41.41973091289401" lon="-82.77189882472157">
        <ele>185.62</ele>
      </trkpt>
      <trkpt lat="41.42004028894007" lon="-82.77191005647182">
        <ele>185.51</ele>
      </trkpt>
      <trkpt lat="41.420349748805165" lon="-82.77192128822207">
        <ele>185.41</ele>
      </trkpt>
      <trkpt lat="41.42065912485123" lon="-82.77193260379136">
        <ele>185.31</ele>
      </trkpt>
      <trkpt lat="41.42096858471632" lon="-82.7719438355416">
        <ele>185.21</ele>
      </trkpt>
      <trkpt lat="41.42127796076238" lon="-82.77195515111089">
        <ele>185.11</ele>
      </trkpt>
      <trkpt lat="41.421587420627475" lon="-82.77196638286114">
        <ele>185.02</ele>
      </trkpt>
      <trkpt lat="41.421896796673536" lon="-82.77197761461139">
        <ele>184.93</ele>
      </trkpt>
      <trkpt lat="41.42220625653863" lon="-82.77198893018067">
        <ele>184.83</ele>
      </trkpt>
      <trkpt lat="41.42251563258469" lon="-82.77200016193092">
        <ele>184.69</ele>
      </trkpt>
      <trkpt lat="41.422825092449784" lon="-82.7720114775002">
        <ele>184.56</ele>
      </trkpt>
      <trkpt lat="41.423134468495846" lon="-82.77202270925045">
        <ele>184.49</ele>
      </trkpt>
      <trkpt lat="41.42344392836094" lon="-82.7720339410007">
        <ele>184.42</ele>
      </trkpt>
      <trkpt lat="41.423753304407" lon="-82.77204525656998">
        <ele>184.36</ele>
      </trkpt>
      <trkpt lat="41.424062764272094" lon="-82.77205648832023">
        <ele>184.3</ele>
      </trkpt>
      <trkpt lat="41.424372140318155" lon="-82.77206772007048">
        <ele>184.26</ele>
      </trkpt>
      <trkpt lat="41.42468160018325" lon="-82.77207903563976">
        <ele>184.21</ele>
      </trkpt>
      <trkpt lat="41.42499097622931" lon="-82.77209026739001">
        <ele>184.18</ele>
      </trkpt>
      <trkpt lat="41.4253004360944" lon="-82.7721015829593">
        <ele>184.14</ele>
      </trkpt>
      <trkpt lat="41.425609812140465" lon="-82.77211281470954">
        <ele>184.11</ele>
      </trkpt>
      <trkpt lat="41.42591927200556" lon="-82.7721240464598">
        <ele>184.09</ele>
      </trkpt>
      <trkpt lat="41.42622864805162" lon="-82.77213536202908">
        <ele>184.07</ele>
      </trkpt>
      <trkpt lat="41.42653810791671" lon="-82.77214659377933">
        <ele>184.05</ele>
      </trkpt>
      <trkpt lat="41.426847483962774" lon="-82.7721579093486">
        <ele>184.02</ele>
      </trkpt>
      <trkpt lat="41.42715694382787" lon="-82.77216914109886">
        <ele>184.0</ele>
      </trkpt>
      <trkpt lat="41.42748098820448" lon="-82.77218095958233">
        <ele>184.0</ele>
      </trkpt>
      <trkpt lat="41.42779463902116" lon="-82.77219311334193">
        <ele>183.96</ele>
      </trkpt>
      <trkpt lat="41.42810828983784" lon="-82.7722051832825">
        <ele>183.93</ele>
      </trkpt>
      <trkpt lat="41.42842202447355" lon="-82.7722173370421">
        <ele>183.9</ele>
      </trkpt>
      <trkpt lat="41.42873567529023" lon="-82.77222949080169">
        <ele>183.87</ele>
      </trkpt>
      <trkpt lat="41.429049326106906" lon="-82.77224156074226">
        <ele>183.84</ele>
      </trkpt>
      <trkpt lat="41.42936306074262" lon="-82.77225371450186">
        <ele>183.8</ele>
      </trkpt>
      <trkpt lat="41.42967998050153" lon="-82.77226595208049">
        <ele>183.97</ele>
      </trkpt>
      <trkpt lat="41.42999120056629" lon="-82.77227668091655">
        <ele>183.67</ele>
      </trkpt>
      <trkpt lat="41.43030250445008" lon="-82.77228740975261">
        <ele>183.59</ele>
      </trkpt>
      <trkpt lat="41.43061372451484" lon="-82.77229805476964">
        <ele>183.49</ele>
      </trkpt>
      <trkpt lat="41.43092502839863" lon="-82.7723087836057">
        <ele>183.39</ele>
      </trkpt>
      <trkpt lat="41.431236332282424" lon="-82.77231951244175">
        <ele>183.31</ele>
      </trkpt>
      <trkpt lat="41.43154755234718" lon="-82.77233024127781">
        <ele>183.22</ele>
      </trkpt>
      <trkpt lat="41.431858856230974" lon="-82.77234097011387">
        <ele>183.13</ele>
      </trkpt>
      <trkpt lat="41.43217007629573" lon="-82.7723516151309">
        <ele>183.03</ele>
      </trkpt>
      <trkpt lat="41.432481380179524" lon="-82.77236234396696">
        <ele>182.93</ele>
      </trkpt>
      <trkpt lat="41.432792600244284" lon="-82.77237307280302">
        <ele>182.83</ele>
      </trkpt>
      <trkpt lat="41.43310893326998" lon="-82.77238396927714">
        <ele>182.86</ele>
      </trkpt>
      <trkpt lat="41.43342283554375" lon="-82.77239662595093">
        <ele>182.56</ele>
      </trkpt>
      <trkpt lat="41.433736737817526" lon="-82.77240928262472">
        <ele>182.45</ele>
      </trkpt>
      <trkpt lat="41.43405055627227" lon="-82.77242193929851">
        <ele>182.33</ele>
      </trkpt>
      <trkpt lat="41.43436445854604" lon="-82.77243451215327">
        <ele>182.22</ele>
      </trkpt>
      <trkpt lat="41.434678277000785" lon="-82.77244716882706">
        <ele>182.11</ele>
      </trkpt>
      <trkpt lat="41.43499217927456" lon="-82.77245982550085">
        <ele>181.94</ele>
      </trkpt>
      <trkpt lat="41.43530608154833" lon="-82.77247248217463">
        <ele>181.82</ele>
      </trkpt>
      <trkpt lat="41.435619900003076" lon="-82.77248513884842">
        <ele>181.71</ele>
      </trkpt>
      <trkpt lat="41.435937993228436" lon="-82.77249796316028">
        <ele>181.63</ele>
      </trkpt>
      <trkpt lat="41.436251727864146" lon="-82.77250835672021">
        <ele>181.49</ele>
      </trkpt>
      <trkpt lat="41.43656554631889" lon="-82.77251875028014">
        <ele>181.37</ele>
      </trkpt>
      <trkpt lat="41.43687936477363" lon="-82.77252914384007">
        <ele>181.26</ele>
      </trkpt>
      <trkpt lat="41.43719318322837" lon="-82.77253945358098">
        <ele>181.15</ele>
      </trkpt>
      <trkpt lat="41.437507001683116" lon="-82.77254984714091">
        <ele>181.03</ele>
      </trkpt>
      <trkpt lat="41.43782082013786" lon="-82.77256024070084">
        <ele>180.91</ele>
      </trkpt>
      <trkpt lat="41.43813455477357" lon="-82.77257063426077">
        <ele>180.78</ele>
      </trkpt>
      <trkpt lat="41.43844837322831" lon="-82.7725810278207">
        <ele>180.65</ele>
      </trkpt>
      <trkpt lat="41.438762191683054" lon="-82.77259142138064">
        <ele>180.52</ele>
      </trkpt>
      <trkpt lat="41.439076010137796" lon="-82.77260181494057">
        <ele>180.38</ele>
      </trkpt>
      <trkpt lat="41.43938982859254" lon="-82.7726122085005">
        <ele>180.18</ele>
      </trkpt>
      <trkpt lat="41.43970364704728" lon="-82.77262260206044">
        <ele>180.03</ele>
      </trkpt>
      <trkpt lat="41.44001738168299" lon="-82.77263299562037">
        <ele>179.87</ele>
      </trkpt>
      <trkpt lat="41.440331200137734" lon="-82.77264330536127">
        <ele>179.71</ele>
      </trkpt>
      <trkpt lat="41.44065197557211" lon="-82.7726539503783">
        <ele>179.43</ele>
      </trkpt>
      <trkpt lat="41.44093335606158" lon="-82.77266493067145">
        <ele>179.38</ele>
      </trkpt>
      <trkpt lat="41.441214652732015" lon="-82.77267591096461">
        <ele>179.21</ele>
      </trkpt>
      <trkpt lat="41.44149603322148" lon="-82.77268689125776">
        <ele>179.0</ele>
      </trkpt>
      <trkpt lat="41.44177741371095" lon="-82.77269787155092">
        <ele>178.8</ele>
      </trkpt>
      <trkpt lat="41.44205879420042" lon="-82.77270885184407">
        <ele>178.62</ele>
      </trkpt>
      <trkpt lat="41.44234017468989" lon="-82.77271983213723">
        <ele>178.4</ele>
      </trkpt>
      <trkpt lat="41.442621471360326" lon="-82.77273081243038">
        <ele>178.21</ele>
      </trkpt>
      <trkpt lat="41.442902851849794" lon="-82.77274179272354">
        <ele>178.04</ele>
      </trkpt>
      <trkpt lat="41.44318792037666" lon="-82.77275294065475">
        <ele>177.87</ele>
      </trkpt>
      <trkpt lat="41.44346896559" lon="-82.77276392094791">
        <ele>177.74</ele>
      </trkpt>
      <trkpt lat="41.44353493116796" lon="-82.77279099449515">
        <ele>177.59</ele>
      </trkpt>
      <trkpt lat="41.443585976958275" lon="-82.77284799143672">
        <ele>177.43</ele>
      </trkpt>
      <trkpt lat="41.443821927532554" lon="-82.77259879745543">
        <ele>177.24</ele>
      </trkpt>
      <trkpt lat="41.444057961925864" lon="-82.77234960347414">
        <ele>177.11</ele>
      </trkpt>
      <trkpt lat="41.44429391250014" lon="-82.77210040949285">
        <ele>176.98</ele>
      </trkpt>
      <trkpt lat="41.444529946893454" lon="-82.77185121551156">
        <ele>176.86</ele>
      </trkpt>
      <trkpt lat="41.444765981286764" lon="-82.77160193771124">
        <ele>176.8</ele>
      </trkpt>
      <trkpt lat="41.4450026024133" lon="-82.77136732824147">
        <ele>176.61</ele>
      </trkpt>
      <trkpt lat="41.44523922353983" lon="-82.7711327187717">
        <ele>176.53</ele>
      </trkpt>
      <trkpt lat="41.44547592848539" lon="-82.77089794166386">
        <ele>176.45</ele>
      </trkpt>
      <trkpt lat="41.4456464163959" lon="-82.77072343043983">
        <ele>176.4</ele>
      </trkpt>
      <trkpt lat="41.44581698812544" lon="-82.7705489192158">
        <ele>176.37</ele>
      </trkpt>
      <trkpt lat="41.445890916511416" lon="-82.7704849652946">
        <ele>176.46</ele>
      </trkpt>
      <trkpt lat="41.445764349773526" lon="-82.77027575299144">
        <ele>176.35</ele>
      </trkpt>
      <trkpt lat="41.4456379506737" lon="-82.77006695978343">
        <ele>176.48</ele>
      </trkpt>
      <trkpt lat="41.44550492987037" lon="-82.76987493038177">
        <ele>176.5</ele>
      </trkpt>
      <trkpt lat="41.44534491933882" lon="-82.76961391791701">
        <ele>176.58</ele>
      </trkpt>
      <trkpt lat="41.44521399401128" lon="-82.76942398399115">
        <ele>176.61</ele>
      </trkpt>
      <trkpt lat="41.44513696432114" lon="-82.76931292377412">
        <ele>176.76</ele>
      </trkpt>
      <trkpt lat="41.44494753330946" lon="-82.76901276782155">
        <ele>176.92</ele>
      </trkpt>
      <trkpt lat="41.444758186116815" lon="-82.76871252804995">
        <ele>177.11</ele>
      </trkpt>
      <trkpt lat="41.44456875510514" lon="-82.76841228827834">
        <ele>177.26</ele>
      </trkpt>
      <trkpt lat="41.44437940791249" lon="-82.76811204850674">
        <ele>177.42</ele>
      </trkpt>
      <trkpt lat="41.444189976900816" lon="-82.76781180873513">
        <ele>177.6</ele>
      </trkpt>
      <trkpt lat="41.44400062970817" lon="-82.76751156896353">
        <ele>177.81</ele>
      </trkpt>
      <trkpt lat="41.443811198696494" lon="-82.76721132919192">
        <ele>177.98</ele>
      </trkpt>
      <trkpt lat="41.44362294115126" lon="-82.76691293343902">
        <ele>178.24</ele>
      </trkpt>
      <trkpt lat="41.44347483292222" lon="-82.76667010970414">
        <ele>178.31</ele>
      </trkpt>
      <trkpt lat="41.44332672469318" lon="-82.76642720215023">
        <ele>178.48</ele>
      </trkpt>
      <trkpt lat="41.443178951740265" lon="-82.76618496514857">
        <ele>178.7</ele>
      </trkpt>
      <trkpt lat="41.44310091622174" lon="-82.76600894518197">
        <ele>178.84</ele>
      </trkpt>
      <trkpt lat="41.443026987835765" lon="-82.76579696685076">
        <ele>178.98</ele>
      </trkpt>
      <trkpt lat="41.44293093122542" lon="-82.76543998159468">
        <ele>179.11</ele>
      </trkpt>
      <trkpt lat="41.44288592040539" lon="-82.76509498246014">
        <ele>179.23</ele>
      </trkpt>
      <trkpt lat="41.442848201841116" lon="-82.76468820869923">
        <ele>179.33</ele>
      </trkpt>
      <trkpt lat="41.442810483276844" lon="-82.76428151875734">
        <ele>179.42</ele>
      </trkpt>
      <trkpt lat="41.44277268089354" lon="-82.76387474499643">
        <ele>179.57</ele>
      </trkpt>
      <trkpt lat="41.44273496232927" lon="-82.76346797123551">
        <ele>179.66</ele>
      </trkpt>
      <trkpt lat="41.442697243765" lon="-82.76306128129363">
        <ele>179.75</ele>
      </trkpt>
      <trkpt lat="41.44265944138169" lon="-82.76265450753272">
        <ele>179.82</ele>
      </trkpt>
      <trkpt lat="41.44262172281742" lon="-82.76224781759083">
        <ele>179.88</ele>
      </trkpt>
      <trkpt lat="41.44258392043412" lon="-82.76184104382992">
        <ele>179.93</ele>
      </trkpt>
      <trkpt lat="41.442546201869845" lon="-82.76143435388803">
        <ele>179.97</ele>
      </trkpt>
      <trkpt lat="41.44250848330557" lon="-82.76102758012712">
        <ele>180.0</ele>
      </trkpt>
      <trkpt lat="41.44247068092227" lon="-82.76062089018524">
        <ele>180.03</ele>
      </trkpt>
      <trkpt lat="41.442432962358" lon="-82.76021411642432">
        <ele>180.05</ele>
      </trkpt>
      <trkpt lat="41.442395159974694" lon="-82.75980742648244">
        <ele>180.07</ele>
      </trkpt>
      <trkpt lat="41.44235744141042" lon="-82.75940065272152">
        <ele>180.08</ele>
      </trkpt>
      <trkpt lat="41.44231972284615" lon="-82.75899396277964">
        <ele>180.09</ele>
      </trkpt>
      <trkpt lat="41.44228192046285" lon="-82.75858718901873">
        <ele>180.09</ele>
      </trkpt>
      <trkpt lat="41.442244201898575" lon="-82.75818049907684">
        <ele>180.09</ele>
      </trkpt>
      <trkpt lat="41.4422064833343" lon="-82.75777372531593">
        <ele>180.1</ele>
      </trkpt>
      <trkpt lat="41.442168680951" lon="-82.75736703537405">
        <ele>180.11</ele>
      </trkpt>
      <trkpt lat="41.44213096238673" lon="-82.75696026161313">
        <ele>180.09</ele>
      </trkpt>
      <trkpt lat="41.442093160003424" lon="-82.75655348785222">
        <ele>180.07</ele>
      </trkpt>
      <trkpt lat="41.44205544143915" lon="-82.75614679791033">
        <ele>180.1</ele>
      </trkpt>
      <trkpt lat="41.44201772287488" lon="-82.75574002414942">
        <ele>180.12</ele>
      </trkpt>
      <trkpt lat="41.441979920491576" lon="-82.75533333420753">
        <ele>180.18</ele>
      </trkpt>
      <trkpt lat="41.441942201927304" lon="-82.75492656044662">
        <ele>180.21</ele>
      </trkpt>
      <trkpt lat="41.44190448336303" lon="-82.75451987050474">
        <ele>180.24</ele>
      </trkpt>
      <trkpt lat="41.44186668097973" lon="-82.75411318056285">
        <ele>180.28</ele>
      </trkpt>
      <trkpt lat="41.44182896241546" lon="-82.75370640680194">
        <ele>180.32</ele>
      </trkpt>
      <trkpt lat="41.44179116003215" lon="-82.75329971686006">
        <ele>180.36</ele>
      </trkpt>
      <trkpt lat="41.44175344146788" lon="-82.75289294309914">
        <ele>180.41</ele>
      </trkpt>
      <trkpt lat="41.44171572290361" lon="-82.75248625315726">
        <ele>180.48</ele>
      </trkpt>
      <trkpt lat="41.44167993217707" lon="-82.7521089836955">
        <ele>180.54</ele>
      </trkpt>
      <trkpt lat="41.441645398736" lon="-82.75170707143843">
        <ele>180.61</ele>
      </trkpt>
      <trkpt lat="41.4416107814759" lon="-82.75130515918136">
        <ele>180.65</ele>
      </trkpt>
      <trkpt lat="41.441576248034835" lon="-82.75090324692428">
        <ele>180.7</ele>
      </trkpt>
      <trkpt lat="41.44154196605086" lon="-82.75050493888557">
        <ele>180.73</ele>
      </trkpt>
      <trkpt lat="41.441504415124655" lon="-82.75011895224452">
        <ele>180.79</ele>
      </trkpt>
      <trkpt lat="41.441466780379415" lon="-82.74973296560347">
        <ele>180.83</ele>
      </trkpt>
      <trkpt lat="41.441429229453206" lon="-82.74934697896242">
        <ele>180.87</ele>
      </trkpt>
      <trkpt lat="41.441391678527" lon="-82.74896099232137">
        <ele>180.9</ele>
      </trkpt>
      <trkpt lat="41.44135404378176" lon="-82.74857500568032">
        <ele>180.94</ele>
      </trkpt>
      <trkpt lat="41.44131649285555" lon="-82.74818901903927">
        <ele>180.97</ele>
      </trkpt>
      <trkpt lat="41.44127885811031" lon="-82.74780303239822">
        <ele>181.0</ele>
      </trkpt>
      <trkpt lat="41.441241977736354" lon="-82.74742391891778">
        <ele>181.02</ele>
      </trkpt>
      <trkpt lat="41.4411739166826" lon="-82.74712493643165">
        <ele>181.04</ele>
      </trkpt>
      <trkpt lat="41.44108397886157" lon="-82.74688093923032">
        <ele>181.07</ele>
      </trkpt>
      <trkpt lat="41.441008960828185" lon="-82.74672092869878">
        <ele>181.09</ele>
      </trkpt>
      <trkpt lat="41.440922962501645" lon="-82.74658899754286">
        <ele>181.11</ele>
      </trkpt>
      <trkpt lat="41.44079999998212" lon="-82.7464379556477">
        <ele>181.12</ele>
      </trkpt>
      <trkpt lat="41.44066798500717" lon="-82.74632899090648">
        <ele>181.14</ele>
      </trkpt>
      <trkpt lat="41.44045810215175" lon="-82.74617652408779">
        <ele>181.15</ele>
      </trkpt>
      <trkpt lat="41.440248219296336" lon="-82.74602414108813">
        <ele>181.16</ele>
      </trkpt>
      <trkpt lat="41.44003833644092" lon="-82.74587175808847">
        <ele>181.17</ele>
      </trkpt>
      <trkpt lat="41.439827950671315" lon="-82.74571895599365">
        <ele>181.18</ele>
      </trkpt>
      <trkpt lat="41.43977891653776" lon="-82.74567293934524">
        <ele>181.19</ele>
      </trkpt>
      <trkpt lat="41.43965092487633" lon="-82.74554142728448">
        <ele>181.2</ele>
      </trkpt>
      <trkpt lat="41.4395229332149" lon="-82.74540999904275">
        <ele>181.21</ele>
      </trkpt>
      <trkpt lat="41.439372980967164" lon="-82.74517698213458">
        <ele>181.21</ele>
      </trkpt>
      <trkpt lat="41.439267955720425" lon="-82.74494396522641">
        <ele>181.22</ele>
      </trkpt>
      <trkpt lat="41.439181957393885" lon="-82.74468697607517">
        <ele>181.22</ele>
      </trkpt>
      <trkpt lat="41.439140969887376" lon="-82.74450399912894">
        <ele>181.22</ele>
      </trkpt>
      <trkpt lat="41.439115991815925" lon="-82.74420996196568">
        <ele>181.22</ele>
      </trkpt>
      <trkpt lat="41.439094534143806" lon="-82.74383772164583">
        <ele>181.21</ele>
      </trkpt>
      <trkpt lat="41.439073076471686" lon="-82.74346548132598">
        <ele>181.21</ele>
      </trkpt>
      <trkpt lat="41.43905161879957" lon="-82.74309324100614">
        <ele>181.2</ele>
      </trkpt>
      <trkpt lat="41.43903016112745" lon="-82.74272100068629">
        <ele>181.19</ele>
      </trkpt>
      <trkpt lat="41.439008954912424" lon="-82.74235295131803">
        <ele>181.18</ele>
      </trkpt>
      <trkpt lat="41.43898489885032" lon="-82.74210090748966">
        <ele>181.16</ele>
      </trkpt>
      <trkpt lat="41.43896092660725" lon="-82.7418499533087">
        <ele>181.15</ele>
      </trkpt>
      <trkpt lat="41.43891633488238" lon="-82.7414786349982">
        <ele>181.12</ele>
      </trkpt>
      <trkpt lat="41.4388719946146" lon="-82.74110899306834">
        <ele>181.09</ele>
      </trkpt>
      <trkpt lat="41.43882832489908" lon="-82.74076248519123">
        <ele>181.06</ele>
      </trkpt>
      <trkpt lat="41.438784739002585" lon="-82.74041589349508">
        <ele>181.02</ele>
      </trkpt>
      <trkpt lat="41.43874115310609" lon="-82.74006938561797">
        <ele>180.98</ele>
      </trkpt>
      <trkpt lat="41.43869798630476" lon="-82.73972597904503">
        <ele>180.93</ele>
      </trkpt>
      <trkpt lat="41.43864803016186" lon="-82.73934435099363">
        <ele>180.88</ele>
      </trkpt>
      <trkpt lat="41.43859815783799" lon="-82.73896272294223">
        <ele>180.81</ele>
      </trkpt>
      <trkpt lat="41.438548201695085" lon="-82.7385810110718">
        <ele>180.7</ele>
      </trkpt>
      <trkpt lat="41.438498329371214" lon="-82.7381993830204">
        <ele>180.64</ele>
      </trkpt>
      <trkpt lat="41.43844895996153" lon="-82.73782194592059">
        <ele>180.57</ele>
      </trkpt>
      <trkpt lat="41.43842197023332" lon="-82.73753796704113">
        <ele>180.5</ele>
      </trkpt>
      <trkpt lat="41.43842197023332" lon="-82.73724895901978">
        <ele>180.42</ele>
      </trkpt>
      <trkpt lat="41.43844191916287" lon="-82.7369559276849">
        <ele>180.34</ele>
      </trkpt>
      <trkpt lat="41.43848206847906" lon="-82.73675157688558">
        <ele>180.25</ele>
      </trkpt>
      <trkpt lat="41.43852196633816" lon="-82.73654798045754">
        <ele>180.16</ele>
      </trkpt>
      <trkpt lat="41.438603941351175" lon="-82.73625595495105">
        <ele>180.06</ele>
      </trkpt>
      <trkpt lat="41.43867996521294" lon="-82.73603995330632">
        <ele>179.95</ele>
      </trkpt>
      <trkpt lat="41.43878499045968" lon="-82.735795956105">
        <ele>179.84</ele>
      </trkpt>
      <trkpt lat="41.43888699822128" lon="-82.73560099303722">
        <ele>179.72</ele>
      </trkpt>
      <trkpt lat="41.438966961577535" lon="-82.73548699915409">
        <ele>179.6</ele>
      </trkpt>
      <trkpt lat="41.43918707035482" lon="-82.73520536720753">
        <ele>179.47</ele>
      </trkpt>
      <trkpt lat="41.43940692767501" lon="-82.73492398671806">
        <ele>179.33</ele>
      </trkpt>
      <trkpt lat="41.439587473869324" lon="-82.73472843691707">
        <ele>179.18</ele>
      </trkpt>
      <trkpt lat="41.43976793624461" lon="-82.7345329709351">
        <ele>179.04</ele>
      </trkpt>
      <trkpt lat="41.43997957929969" lon="-82.73431629873812">
        <ele>178.89</ele>
      </trkpt>
      <trkpt lat="41.44019122235477" lon="-82.73409962654114">
        <ele>178.73</ele>
      </trkpt>
      <trkpt lat="41.44040294922888" lon="-82.73388295434415">
        <ele>178.58</ele>
      </trkpt>
      <trkpt lat="41.44057234749198" lon="-82.73368095047772">
        <ele>178.41</ele>
      </trkpt>
      <trkpt lat="41.440741661936045" lon="-82.73347886279225">
        <ele>178.19</ele>
      </trkpt>
      <trkpt lat="41.44091097638011" lon="-82.73327694274485">
        <ele>178.0</ele>
      </trkpt>
      <trkpt lat="41.44103402271867" lon="-82.73312841542065">
        <ele>177.86</ele>
      </trkpt>
      <trkpt lat="41.441156985238194" lon="-82.73297997191548">
        <ele>177.76</ele>
      </trkpt>
      <trkpt lat="41.44136292859912" lon="-82.73274293169379">
        <ele>177.68</ele>
      </trkpt>
      <trkpt lat="41.44155931659043" lon="-82.73251729086041">
        <ele>177.62</ele>
      </trkpt>
      <trkpt lat="41.44175570458174" lon="-82.732291566208">
        <ele>177.57</ele>
      </trkpt>
      <trkpt lat="41.44195192493498" lon="-82.73206592537463">
        <ele>177.55</ele>
      </trkpt>
      <trkpt lat="41.442116629332304" lon="-82.731879260391">
        <ele>177.54</ele>
      </trkpt>
      <trkpt lat="41.442281333729625" lon="-82.73169259540737">
        <ele>177.58</ele>
      </trkpt>
      <trkpt lat="41.442445954307914" lon="-82.73150593042374">
        <ele>177.65</ele>
      </trkpt>
      <trkpt lat="41.44265483133495" lon="-82.73126210086048">
        <ele>177.69</ele>
      </trkpt>
      <trkpt lat="41.44286370836198" lon="-82.73101818747818">
        <ele>177.76</ele>
      </trkpt>
      <trkpt lat="41.44307258538902" lon="-82.73077435791492">
        <ele>177.84</ele>
      </trkpt>
      <trkpt lat="41.44328146241605" lon="-82.73053044453263">
        <ele>177.96</ele>
      </trkpt>
      <trkpt lat="41.44349033944309" lon="-82.73028661496937">
        <ele>178.05</ele>
      </trkpt>
      <trkpt lat="41.44369896501303" lon="-82.73004295304418">
        <ele>178.15</ele>
      </trkpt>
      <trkpt lat="41.44392183981836" lon="-82.7297882270068">
        <ele>178.29</ele>
      </trkpt>
      <trkpt lat="41.44414463080466" lon="-82.72953341715038">
        <ele>178.46</ele>
      </trkpt>
      <trkpt lat="41.44436750560999" lon="-82.729278691113">
        <ele>178.6</ele>
      </trkpt>
      <trkpt lat="41.44459038041532" lon="-82.72902396507561">
        <ele>178.74</ele>
      </trkpt>
      <trkpt lat="41.44481317140162" lon="-82.72876923903823">
        <ele>178.9</ele>
      </trkpt>
      <trkpt lat="41.44503604620695" lon="-82.72851442918181">
        <ele>179.07</ele>
      </trkpt>
      <trkpt lat="41.44525892101228" lon="-82.72825970314443">
        <ele>179.2</ele>
      </trkpt>
      <trkpt lat="41.44548171199858" lon="-82.72800497710705">
        <ele>179.32</ele>
      </trkpt>
      <trkpt lat="41.44570458680391" lon="-82.72775016725063">
        <ele>179.45</ele>
      </trkpt>
      <trkpt lat="41.445927461609244" lon="-82.72749544121325">
        <ele>179.56</ele>
      </trkpt>
      <trkpt lat="41.44614991731942" lon="-82.72724096663296">
        <ele>179.67</ele>
      </trkpt>
      <trkpt lat="41.446316968649626" lon="-82.72703988477588">
        <ele>179.78</ele>
      </trkpt>
      <trkpt lat="41.4464839361608" lon="-82.72683897055686">
        <ele>179.87</ele>
      </trkpt>
      <trkpt lat="41.44668661057949" lon="-82.72660695947707">
        <ele>179.97</ele>
      </trkpt>
      <trkpt lat="41.44688936881721" lon="-82.72637486457825">
        <ele>180.05</ele>
      </trkpt>
      <trkpt lat="41.447091959416866" lon="-82.72614293731749">
        <ele>180.13</ele>
      </trkpt>
      <trkpt lat="41.447328329086304" lon="-82.72588125430048">
        <ele>180.2</ele>
      </trkpt>
      <trkpt lat="41.44756469875574" lon="-82.72561957128346">
        <ele>180.26</ele>
      </trkpt>
      <trkpt lat="41.44780098460615" lon="-82.72535797208548">
        <ele>180.32</ele>
      </trkpt>
      <trkpt lat="41.44803651608527" lon="-82.72508338093758">
        <ele>180.38</ele>
      </trkpt>
      <trkpt lat="41.448271963745356" lon="-82.72480895742774">
        <ele>180.42</ele>
      </trkpt>
      <trkpt lat="41.44850422628224" lon="-82.72453051060438">
        <ele>180.46</ele>
      </trkpt>
      <trkpt lat="41.44873648881912" lon="-82.72425206378102">
        <ele>180.5</ele>
      </trkpt>
      <trkpt lat="41.448968751356006" lon="-82.72397361695766">
        <ele>180.53</ele>
      </trkpt>
      <trkpt lat="41.44920093007386" lon="-82.7236951701343">
        <ele>180.55</ele>
      </trkpt>
      <trkpt lat="41.449432941153646" lon="-82.72341697476804">
        <ele>180.56</ele>
      </trkpt>
      <trkpt lat="41.44964466802776" lon="-82.72318764589727">
        <ele>180.57</ele>
      </trkpt>
      <trkpt lat="41.44985631108284" lon="-82.7229583170265">
        <ele>180.57</ele>
      </trkpt>
      <trkpt lat="41.45006795413792" lon="-82.72272898815572">
        <ele>180.56</ele>
      </trkpt>
      <trkpt lat="41.450279681012034" lon="-82.72249957546592">
        <ele>180.55</ele>
      </trkpt>
      <trkpt lat="41.450491324067116" lon="-82.72227024659514">
        <ele>180.52</ele>
      </trkpt>
      <trkpt lat="41.4507029671222" lon="-82.72204091772437">
        <ele>180.47</ele>
      </trkpt>
      <trkpt lat="41.45095459185541" lon="-82.7220534067601">
        <ele>180.37</ele>
      </trkpt>
      <trkpt lat="41.4512069709599" lon="-82.72206597961485">
        <ele>180.3</ele>
      </trkpt>
      <trkpt lat="41.45149773918092" lon="-82.72208073176444">
        <ele>180.21</ele>
      </trkpt>
      <trkpt lat="41.45178850740194" lon="-82.72209548391402">
        <ele>180.11</ele>
      </trkpt>
      <trkpt lat="41.452079275622964" lon="-82.72211031988263">
        <ele>179.99</ele>
      </trkpt>
      <trkpt lat="41.452370043843985" lon="-82.72212507203221">
        <ele>179.85</ele>
      </trkpt>
      <trkpt lat="41.45266299135983" lon="-82.72213999181986">
        <ele>179.65</ele>
      </trkpt>
      <trkpt lat="41.45277882926166" lon="-82.72180639207363">
        <ele>179.56</ele>
      </trkpt>
      <trkpt lat="41.45289466716349" lon="-82.72147287614644">
        <ele>179.39</ele>
      </trkpt>
      <trkpt lat="41.4530099183321" lon="-82.72114095278084">
        <ele>179.21</ele>
      </trkpt>
      <trkpt lat="41.45329171791673" lon="-82.72130683064461">
        <ele>178.99</ele>
      </trkpt>
      <trkpt lat="41.453573517501354" lon="-82.72147270850837">
        <ele>178.74</ele>
      </trkpt>
      <trkpt lat="41.45385523326695" lon="-82.7216385025531">
        <ele>178.51</ele>
      </trkpt>
      <trkpt lat="41.454137954860926" lon="-82.72180496715009">
        <ele>178.31</ele>
      </trkpt>
      <trkpt lat="41.45422596484423" lon="-82.72182893939316">
        <ele>178.2</ele>
      </trkpt>
      <trkpt lat="41.45431397482753" lon="-82.72181192412972">
        <ele>178.12</ele>
      </trkpt>
      <trkpt lat="41.45436694845557" lon="-82.72177395410836">
        <ele>178.04</ele>
      </trkpt>
      <trkpt lat="41.45440491847694" lon="-82.72172894328833">
        <ele>177.99</ele>
      </trkpt>
      <trkpt lat="41.454458981752396" lon="-82.72163598798215">
        <ele>177.94</ele>
      </trkpt>
      <trkpt lat="41.45449192263186" lon="-82.72155694663525">
        <ele>177.9</ele>
      </trkpt>
      <trkpt lat="41.45459711551666" lon="-82.72126475349069">
        <ele>177.86</ele>
      </trkpt>
      <trkpt lat="41.454702308401465" lon="-82.72097256034613">
        <ele>177.79</ele>
      </trkpt>
      <trkpt lat="41.45480750128627" lon="-82.72068028338253">
        <ele>177.71</ele>
      </trkpt>
      <trkpt lat="41.454911939799786" lon="-82.72038993425667">
        <ele>177.63</ele>
      </trkpt>
      <trkpt lat="41.455006152391434" lon="-82.72001978941262">
        <ele>177.54</ele>
      </trkpt>
      <trkpt lat="41.45510028116405" lon="-82.71964956074953">
        <ele>177.45</ele>
      </trkpt>
      <trkpt lat="41.4551944937557" lon="-82.71927933208644">
        <ele>177.34</ele>
      </trkpt>
      <trkpt lat="41.45528795197606" lon="-82.71891195327044">
        <ele>177.21</ele>
      </trkpt>
      <trkpt lat="41.45549599081278" lon="-82.71899895742536">
        <ele>177.03</ele>
      </trkpt>
      <trkpt lat="41.455573942512274" lon="-82.71901094354689">
        <ele>176.92</ele>
      </trkpt>
      <trkpt lat="41.45563496276736" lon="-82.71899493411183">
        <ele>176.85</ele>
      </trkpt>
      <trkpt lat="41.45569397136569" lon="-82.71894799545407">
        <ele>176.79</ele>
      </trkpt>
      <trkpt lat="41.4557399880141" lon="-82.71889192052186">
        <ele>176.73</ele>
      </trkpt>
      <trkpt lat="41.45577393472195" lon="-82.71881296299398">
        <ele>176.69</ele>
      </trkpt>
      <trkpt lat="41.45580595359206" lon="-82.71871397271752">
        <ele>176.62</ele>
      </trkpt>
      <trkpt lat="41.45589664578438" lon="-82.7184044290334">
        <ele>176.5</ele>
      </trkpt>
      <trkpt lat="41.455986918881536" lon="-82.71809597499669">
        <ele>176.42</ele>
      </trkpt>
      <trkpt lat="41.45607358776033" lon="-82.71773622371256">
        <ele>176.35</ele>
      </trkpt>
      <trkpt lat="41.456159921362996" lon="-82.71737798117101">
        <ele>176.41</ele>
      </trkpt>
      <trkpt lat="41.45620099268854" lon="-82.71741192787886">
        <ele>176.3</ele>
      </trkpt>
    </trkseg>
  </trk>
</gpx>
